file,line,type,commit,author,date,time,timezone,datetime,depth,length
style.css,1,css,9ca61258,Shant Guedekelian,2025-09-28,18:20:37,-07:00,2025-09-28T18:20:37-07:00,0,4
style.css,2,css,9ca61258,Shant Guedekelian,2025-09-28,18:20:37,-07:00,2025-09-28T18:20:37-07:00,1,43
style.css,3,css,9ca61258,Shant Guedekelian,2025-09-28,18:20:37,-07:00,2025-09-28T18:20:37-07:00,0,42
style.css,4,css,9ca61258,Shant Guedekelian,2025-09-28,18:20:37,-07:00,2025-09-28T18:20:37-07:00,0,0
style.css,5,css,9ca61258,Shant Guedekelian,2025-09-28,18:20:37,-07:00,2025-09-28T18:20:37-07:00,1,23
style.css,6,css,1b64c0f2,Shant Guedekelian,2025-10-02,21:09:35,-07:00,2025-10-02T21:09:35-07:00,0,0
style.css,7,css,1b64c0f2,Shant Guedekelian,2025-10-02,21:09:35,-07:00,2025-10-02T21:09:35-07:00,0,0
style.css,8,css,1b64c0f2,Shant Guedekelian,2025-10-02,21:09:35,-07:00,2025-10-02T21:09:35-07:00,0,1
style.css,9,css,1b64c0f2,Shant Guedekelian,2025-10-02,21:09:35,-07:00,2025-10-02T21:09:35-07:00,2,19
style.css,10,css,560fc8f9,Shant Guedekelian,2025-10-09,21:42:28,-07:00,2025-10-09T21:42:28-07:00,0,0
style.css,11,css,560fc8f9,Shant Guedekelian,2025-10-09,21:42:28,-07:00,2025-10-09T21:42:28-07:00,0,0
style.css,12,css,560fc8f9,Shant Guedekelian,2025-10-09,21:42:28,-07:00,2025-10-09T21:42:28-07:00,0,4
style.css,13,css,5dfee4be,Shant Guedekelian,2025-10-10,19:19:48,-07:00,2025-10-10T19:19:48-07:00,2,16
style.css,14,css,5dfee4be,Shant Guedekelian,2025-10-10,19:19:48,-07:00,2025-10-10T19:19:48-07:00,2,17
style.css,15,css,560fc8f9,Shant Guedekelian,2025-10-09,21:42:28,-07:00,2025-10-09T21:42:28-07:00,2,11
style.css,16,css,5dfee4be,Shant Guedekelian,2025-10-10,19:19:48,-07:00,2025-10-10T19:19:48-07:00,2,18
style.css,17,css,560fc8f9,Shant Guedekelian,2025-10-09,21:42:28,-07:00,2025-10-09T21:42:28-07:00,0,0
style.css,18,css,560fc8f9,Shant Guedekelian,2025-10-09,21:42:28,-07:00,2025-10-09T21:42:28-07:00,0,0
style.css,19,css,560fc8f9,Shant Guedekelian,2025-10-09,21:42:28,-07:00,2025-10-09T21:42:28-07:00,0,28
style.css,20,css,560fc8f9,Shant Guedekelian,2025-10-09,21:42:28,-07:00,2025-10-09T21:42:28-07:00,2,16
style.css,21,css,560fc8f9,Shant Guedekelian,2025-10-09,21:42:28,-07:00,2025-10-09T21:42:28-07:00,0,0
style.css,22,css,560fc8f9,Shant Guedekelian,2025-10-09,21:42:28,-07:00,2025-10-09T21:42:28-07:00,0,0
style.css,23,css,560fc8f9,Shant Guedekelian,2025-10-09,21:42:28,-07:00,2025-10-09T21:42:28-07:00,0,3
style.css,24,css,963a9a0b,Shant Guedekelian,2025-10-17,19:42:22,-07:00,2025-10-17T19:42:22-07:00,2,39
style.css,25,css,560fc8f9,Shant Guedekelian,2025-10-09,21:42:28,-07:00,2025-10-09T21:42:28-07:00,2,12
style.css,26,css,560fc8f9,Shant Guedekelian,2025-10-09,21:42:28,-07:00,2025-10-09T21:42:28-07:00,2,23
style.css,27,css,560fc8f9,Shant Guedekelian,2025-10-09,21:42:28,-07:00,2025-10-09T21:42:28-07:00,2,25
style.css,28,css,560fc8f9,Shant Guedekelian,2025-10-09,21:42:28,-07:00,2025-10-09T21:42:28-07:00,2,37
style.css,29,css,560fc8f9,Shant Guedekelian,2025-10-09,21:42:28,-07:00,2025-10-09T21:42:28-07:00,2,16
style.css,30,css,560fc8f9,Shant Guedekelian,2025-10-09,21:42:28,-07:00,2025-10-09T21:42:28-07:00,0,0
style.css,31,css,560fc8f9,Shant Guedekelian,2025-10-09,21:42:28,-07:00,2025-10-09T21:42:28-07:00,0,0
style.css,32,css,560fc8f9,Shant Guedekelian,2025-10-09,21:42:28,-07:00,2025-10-09T21:42:28-07:00,0,5
style.css,33,css,560fc8f9,Shant Guedekelian,2025-10-09,21:42:28,-07:00,2025-10-09T21:42:28-07:00,2,6
style.css,34,css,560fc8f9,Shant Guedekelian,2025-10-09,21:42:28,-07:00,2025-10-09T21:42:28-07:00,2,20
style.css,35,css,560fc8f9,Shant Guedekelian,2025-10-09,21:42:28,-07:00,2025-10-09T21:42:28-07:00,2,12
style.css,36,css,560fc8f9,Shant Guedekelian,2025-10-09,21:42:28,-07:00,2025-10-09T21:42:28-07:00,2,17
style.css,37,css,560fc8f9,Shant Guedekelian,2025-10-09,21:42:28,-07:00,2025-10-09T21:42:28-07:00,2,16
style.css,38,css,560fc8f9,Shant Guedekelian,2025-10-09,21:42:28,-07:00,2025-10-09T21:42:28-07:00,0,0
style.css,39,css,560fc8f9,Shant Guedekelian,2025-10-09,21:42:28,-07:00,2025-10-09T21:42:28-07:00,0,0
style.css,40,css,560fc8f9,Shant Guedekelian,2025-10-09,21:42:28,-07:00,2025-10-09T21:42:28-07:00,0,8
style.css,41,css,560fc8f9,Shant Guedekelian,2025-10-09,21:42:28,-07:00,2025-10-09T21:42:28-07:00,2,25
style.css,42,css,560fc8f9,Shant Guedekelian,2025-10-09,21:42:28,-07:00,2025-10-09T21:42:28-07:00,2,25
style.css,43,css,963a9a0b,Shant Guedekelian,2025-10-17,19:42:22,-07:00,2025-10-17T19:42:22-07:00,2,39
style.css,44,css,560fc8f9,Shant Guedekelian,2025-10-09,21:42:28,-07:00,2025-10-09T21:42:28-07:00,2,17
style.css,45,css,963a9a0b,Shant Guedekelian,2025-10-17,19:42:22,-07:00,2025-10-17T19:42:22-07:00,2,69
style.css,46,css,963a9a0b,Shant Guedekelian,2025-10-17,19:42:22,-07:00,2025-10-17T19:42:22-07:00,0,0
style.css,47,css,560fc8f9,Shant Guedekelian,2025-10-09,21:42:28,-07:00,2025-10-09T21:42:28-07:00,0,0
style.css,48,css,560fc8f9,Shant Guedekelian,2025-10-09,21:42:28,-07:00,2025-10-09T21:42:28-07:00,0,0
style.css,49,css,560fc8f9,Shant Guedekelian,2025-10-09,21:42:28,-07:00,2025-10-09T21:42:28-07:00,0,4
style.css,50,css,5dfee4be,Shant Guedekelian,2025-10-10,19:19:48,-07:00,2025-10-10T19:19:48-07:00,2,32
style.css,51,css,5dfee4be,Shant Guedekelian,2025-10-10,19:19:48,-07:00,2025-10-10T19:19:48-07:00,2,10
style.css,52,css,5dfee4be,Shant Guedekelian,2025-10-10,19:19:48,-07:00,2025-10-10T19:19:48-07:00,2,11
style.css,53,css,963a9a0b,Shant Guedekelian,2025-10-17,19:42:22,-07:00,2025-10-17T19:42:22-07:00,2,17
style.css,54,css,963a9a0b,Shant Guedekelian,2025-10-17,19:42:22,-07:00,2025-10-17T19:42:22-07:00,2,39
style.css,55,css,560fc8f9,Shant Guedekelian,2025-10-09,21:42:28,-07:00,2025-10-09T21:42:28-07:00,0,0
style.css,56,css,560fc8f9,Shant Guedekelian,2025-10-09,21:42:28,-07:00,2025-10-09T21:42:28-07:00,0,0
style.css,57,css,560fc8f9,Shant Guedekelian,2025-10-09,21:42:28,-07:00,2025-10-09T21:42:28-07:00,0,7
style.css,58,css,560fc8f9,Shant Guedekelian,2025-10-09,21:42:28,-07:00,2025-10-09T21:42:28-07:00,2,57
style.css,59,css,560fc8f9,Shant Guedekelian,2025-10-09,21:42:28,-07:00,2025-10-09T21:42:28-07:00,2,25
style.css,60,css,560fc8f9,Shant Guedekelian,2025-10-09,21:42:28,-07:00,2025-10-09T21:42:28-07:00,2,25
style.css,61,css,560fc8f9,Shant Guedekelian,2025-10-09,21:42:28,-07:00,2025-10-09T21:42:28-07:00,2,38
style.css,62,css,560fc8f9,Shant Guedekelian,2025-10-09,21:42:28,-07:00,2025-10-09T21:42:28-07:00,0,0
style.css,63,css,560fc8f9,Shant Guedekelian,2025-10-09,21:42:28,-07:00,2025-10-09T21:42:28-07:00,0,0
style.css,64,css,560fc8f9,Shant Guedekelian,2025-10-09,21:42:28,-07:00,2025-10-09T21:42:28-07:00,0,5
style.css,65,css,560fc8f9,Shant Guedekelian,2025-10-09,21:42:28,-07:00,2025-10-09T21:42:28-07:00,2,12
style.css,66,css,560fc8f9,Shant Guedekelian,2025-10-09,21:42:28,-07:00,2025-10-09T21:42:28-07:00,2,29
style.css,67,css,560fc8f9,Shant Guedekelian,2025-10-09,21:42:28,-07:00,2025-10-09T21:42:28-07:00,2,18
style.css,68,css,560fc8f9,Shant Guedekelian,2025-10-09,21:42:28,-07:00,2025-10-09T21:42:28-07:00,0,0
style.css,69,css,560fc8f9,Shant Guedekelian,2025-10-09,21:42:28,-07:00,2025-10-09T21:42:28-07:00,0,0
style.css,70,css,560fc8f9,Shant Guedekelian,2025-10-09,21:42:28,-07:00,2025-10-09T21:42:28-07:00,0,4
style.css,71,css,560fc8f9,Shant Guedekelian,2025-10-09,21:42:28,-07:00,2025-10-09T21:42:28-07:00,2,12
style.css,72,css,560fc8f9,Shant Guedekelian,2025-10-09,21:42:28,-07:00,2025-10-09T21:42:28-07:00,2,30
style.css,73,css,560fc8f9,Shant Guedekelian,2025-10-09,21:42:28,-07:00,2025-10-09T21:42:28-07:00,2,7
style.css,74,css,560fc8f9,Shant Guedekelian,2025-10-09,21:42:28,-07:00,2025-10-09T21:42:28-07:00,0,0
style.css,75,css,560fc8f9,Shant Guedekelian,2025-10-09,21:42:28,-07:00,2025-10-09T21:42:28-07:00,0,0
style.css,76,css,560fc8f9,Shant Guedekelian,2025-10-09,21:42:28,-07:00,2025-10-09T21:42:28-07:00,0,9
style.css,77,css,560fc8f9,Shant Guedekelian,2025-10-09,21:42:28,-07:00,2025-10-09T21:42:28-07:00,2,12
style.css,78,css,87e7d8eb,Shant Guedekelian,2025-10-24,11:57:42,-07:00,2025-10-24T11:57:42-07:00,2,36
style.css,79,css,560fc8f9,Shant Guedekelian,2025-10-09,21:42:28,-07:00,2025-10-09T21:42:28-07:00,2,7
style.css,80,css,560fc8f9,Shant Guedekelian,2025-10-09,21:42:28,-07:00,2025-10-09T21:42:28-07:00,0,0
style.css,81,css,560fc8f9,Shant Guedekelian,2025-10-09,21:42:28,-07:00,2025-10-09T21:42:28-07:00,0,0
style.css,82,css,560fc8f9,Shant Guedekelian,2025-10-09,21:42:28,-07:00,2025-10-09T21:42:28-07:00,0,17
style.css,83,css,560fc8f9,Shant Guedekelian,2025-10-09,21:42:28,-07:00,2025-10-09T21:42:28-07:00,2,12
style.css,84,css,560fc8f9,Shant Guedekelian,2025-10-09,21:42:28,-07:00,2025-10-09T21:42:28-07:00,2,26
style.css,85,css,560fc8f9,Shant Guedekelian,2025-10-09,21:42:28,-07:00,2025-10-09T21:42:28-07:00,2,15
style.css,86,css,5dfee4be,Shant Guedekelian,2025-10-10,19:19:48,-07:00,2025-10-10T19:19:48-07:00,2,18
style.css,87,css,560fc8f9,Shant Guedekelian,2025-10-09,21:42:28,-07:00,2025-10-09T21:42:28-07:00,2,7
style.css,88,css,5dfee4be,Shant Guedekelian,2025-10-10,19:19:48,-07:00,2025-10-10T19:19:48-07:00,0,0
style.css,89,css,5dfee4be,Shant Guedekelian,2025-10-10,19:19:48,-07:00,2025-10-10T19:19:48-07:00,0,0
style.css,90,css,5dfee4be,Shant Guedekelian,2025-10-10,19:19:48,-07:00,2025-10-10T19:19:48-07:00,0,12
style.css,91,css,5dfee4be,Shant Guedekelian,2025-10-10,19:19:48,-07:00,2025-10-10T19:19:48-07:00,1,12
style.css,92,css,5dfee4be,Shant Guedekelian,2025-10-10,19:19:48,-07:00,2025-10-10T19:19:48-07:00,1,37
style.css,93,css,5dfee4be,Shant Guedekelian,2025-10-10,19:19:48,-07:00,2025-10-10T19:19:48-07:00,1,29
style.css,94,css,5dfee4be,Shant Guedekelian,2025-10-10,19:19:48,-07:00,2025-10-10T19:19:48-07:00,1,17
style.css,95,css,5dfee4be,Shant Guedekelian,2025-10-10,19:19:48,-07:00,2025-10-10T19:19:48-07:00,0,0
style.css,96,css,5dfee4be,Shant Guedekelian,2025-10-10,19:19:48,-07:00,2025-10-10T19:19:48-07:00,0,0
style.css,97,css,5dfee4be,Shant Guedekelian,2025-10-10,19:19:48,-07:00,2025-10-10T19:19:48-07:00,0,7
style.css,98,css,5dfee4be,Shant Guedekelian,2025-10-10,19:19:48,-07:00,2025-10-10T19:19:48-07:00,1,16
style.css,99,css,5dfee4be,Shant Guedekelian,2025-10-10,19:19:48,-07:00,2025-10-10T19:19:48-07:00,0,0
style.css,100,css,5dfee4be,Shant Guedekelian,2025-10-10,19:19:48,-07:00,2025-10-10T19:19:48-07:00,0,0
style.css,101,css,5dfee4be,Shant Guedekelian,2025-10-10,19:19:48,-07:00,2025-10-10T19:19:48-07:00,0,3
style.css,102,css,5dfee4be,Shant Guedekelian,2025-10-10,19:19:48,-07:00,2025-10-10T19:19:48-07:00,2,17
style.css,103,css,5dfee4be,Shant Guedekelian,2025-10-10,19:19:48,-07:00,2025-10-10T19:19:48-07:00,2,10
style.css,104,css,5dfee4be,Shant Guedekelian,2025-10-10,19:19:48,-07:00,2025-10-10T19:19:48-07:00,0,0
style.css,105,css,5dfee4be,Shant Guedekelian,2025-10-10,19:19:48,-07:00,2025-10-10T19:19:48-07:00,0,0
style.css,106,css,5dfee4be,Shant Guedekelian,2025-10-10,19:19:48,-07:00,2025-10-10T19:19:48-07:00,0,2
style.css,107,css,5dfee4be,Shant Guedekelian,2025-10-10,19:19:48,-07:00,2025-10-10T19:19:48-07:00,2,10
style.css,108,css,5dfee4be,Shant Guedekelian,2025-10-10,19:19:48,-07:00,2025-10-10T19:19:48-07:00,0,0
style.css,109,css,5dfee4be,Shant Guedekelian,2025-10-10,19:19:48,-07:00,2025-10-10T19:19:48-07:00,0,0
style.css,110,css,5dfee4be,Shant Guedekelian,2025-10-10,19:19:48,-07:00,2025-10-10T19:19:48-07:00,0,6
style.css,111,css,5dfee4be,Shant Guedekelian,2025-10-10,19:19:48,-07:00,2025-10-10T19:19:48-07:00,2,14
style.css,112,css,5dfee4be,Shant Guedekelian,2025-10-10,19:19:48,-07:00,2025-10-10T19:19:48-07:00,0,0
style.css,113,css,5dfee4be,Shant Guedekelian,2025-10-10,19:19:48,-07:00,2025-10-10T19:19:48-07:00,0,0
style.css,114,css,5dfee4be,Shant Guedekelian,2025-10-10,19:19:48,-07:00,2025-10-10T19:19:48-07:00,0,6
style.css,115,css,5dfee4be,Shant Guedekelian,2025-10-10,19:19:48,-07:00,2025-10-10T19:19:48-07:00,2,17
style.css,116,css,5dfee4be,Shant Guedekelian,2025-10-10,19:19:48,-07:00,2025-10-10T19:19:48-07:00,2,15
style.css,117,css,5dfee4be,Shant Guedekelian,2025-10-10,19:19:48,-07:00,2025-10-10T19:19:48-07:00,0,0
style.css,118,css,5dfee4be,Shant Guedekelian,2025-10-10,19:19:48,-07:00,2025-10-10T19:19:48-07:00,0,0
style.css,119,css,5dfee4be,Shant Guedekelian,2025-10-10,19:19:48,-07:00,2025-10-10T19:19:48-07:00,0,13
style.css,120,css,5dfee4be,Shant Guedekelian,2025-10-10,19:19:48,-07:00,2025-10-10T19:19:48-07:00,2,17
style.css,121,css,963a9a0b,Shant Guedekelian,2025-10-17,19:42:22,-07:00,2025-10-17T19:42:22-07:00,0,0
style.css,122,css,963a9a0b,Shant Guedekelian,2025-10-17,19:42:22,-07:00,2025-10-17T19:42:22-07:00,0,0
style.css,123,css,963a9a0b,Shant Guedekelian,2025-10-17,19:42:22,-07:00,2025-10-17T19:42:22-07:00,0,13
style.css,124,css,963a9a0b,Shant Guedekelian,2025-10-17,19:42:22,-07:00,2025-10-17T19:42:22-07:00,2,17
style.css,125,css,963a9a0b,Shant Guedekelian,2025-10-17,19:42:22,-07:00,2025-10-17T19:42:22-07:00,2,7
style.css,126,css,963a9a0b,Shant Guedekelian,2025-10-17,19:42:22,-07:00,2025-10-17T19:42:22-07:00,2,9
style.css,127,css,963a9a0b,Shant Guedekelian,2025-10-17,19:42:22,-07:00,2025-10-17T19:42:22-07:00,2,13
style.css,128,css,92b72ade,Shant Guedekelian,2025-10-24,11:29:00,-07:00,2025-10-24T11:29:00-07:00,0,0
style.css,129,css,92b72ade,Shant Guedekelian,2025-10-24,11:29:00,-07:00,2025-10-24T11:29:00-07:00,0,0
style.css,130,css,92b72ade,Shant Guedekelian,2025-10-24,11:29:00,-07:00,2025-10-24T11:29:00-07:00,0,2
style.css,131,css,92b72ade,Shant Guedekelian,2025-10-24,11:29:00,-07:00,2025-10-24T11:29:00-07:00,1,12
style.css,132,css,92b72ade,Shant Guedekelian,2025-10-24,11:29:00,-07:00,2025-10-24T11:29:00-07:00,1,36
style.css,133,css,92b72ade,Shant Guedekelian,2025-10-24,11:29:00,-07:00,2025-10-24T11:29:00-07:00,1,71
style.css,134,css,92b72ade,Shant Guedekelian,2025-10-24,11:29:00,-07:00,2025-10-24T11:29:00-07:00,1,8
style.css,135,css,92b72ade,Shant Guedekelian,2025-10-24,11:29:00,-07:00,2025-10-24T11:29:00-07:00,0,0
style.css,136,css,92b72ade,Shant Guedekelian,2025-10-24,11:29:00,-07:00,2025-10-24T11:29:00-07:00,0,0
style.css,137,css,92b72ade,Shant Guedekelian,2025-10-24,11:29:00,-07:00,2025-10-24T11:29:00-07:00,0,2
style.css,138,css,92b72ade,Shant Guedekelian,2025-10-24,11:29:00,-07:00,2025-10-24T11:29:00-07:00,1,57
style.css,139,css,92b72ade,Shant Guedekelian,2025-10-24,11:29:00,-07:00,2025-10-24T11:29:00-07:00,1,17
style.css,140,css,92b72ade,Shant Guedekelian,2025-10-24,11:29:00,-07:00,2025-10-24T11:29:00-07:00,1,16
style.css,141,css,92b72ade,Shant Guedekelian,2025-10-24,11:29:00,-07:00,2025-10-24T11:29:00-07:00,0,0
style.css,142,css,92b72ade,Shant Guedekelian,2025-10-24,11:29:00,-07:00,2025-10-24T11:29:00-07:00,0,0
style.css,143,css,92b72ade,Shant Guedekelian,2025-10-24,11:29:00,-07:00,2025-10-24T11:29:00-07:00,0,2
style.css,144,css,92b72ade,Shant Guedekelian,2025-10-24,11:29:00,-07:00,2025-10-24T11:29:00-07:00,1,58
style.css,145,css,92b72ade,Shant Guedekelian,2025-10-24,11:29:00,-07:00,2025-10-24T11:29:00-07:00,1,17
style.css,146,css,92b72ade,Shant Guedekelian,2025-10-24,11:29:00,-07:00,2025-10-24T11:29:00-07:00,1,8
style.css,147,css,f5920c4d,Shant Guedekelian,2025-10-27,11:25:56,-07:00,2025-10-27T11:25:56-07:00,0,0
style.css,148,css,f5920c4d,Shant Guedekelian,2025-10-27,11:25:56,-07:00,2025-10-27T11:25:56-07:00,0,0
style.css,149,css,f5920c4d,Shant Guedekelian,2025-10-27,11:25:56,-07:00,2025-10-27T11:25:56-07:00,0,18
style.css,150,css,f5920c4d,Shant Guedekelian,2025-10-27,11:25:56,-07:00,2025-10-27T11:25:56-07:00,1,14
style.css,151,css,f5920c4d,Shant Guedekelian,2025-10-27,11:25:56,-07:00,2025-10-27T11:25:56-07:00,1,16
style.css,152,css,f5920c4d,Shant Guedekelian,2025-10-27,11:25:56,-07:00,2025-10-27T11:25:56-07:00,0,0
style.css,153,css,f5920c4d,Shant Guedekelian,2025-10-27,11:25:56,-07:00,2025-10-27T11:25:56-07:00,1,16
style.css,154,css,202112d1,Shant Guedekelian,2025-10-27,21:23:16,-07:00,2025-10-27T21:23:16-07:00,0,0
style.css,155,css,202112d1,Shant Guedekelian,2025-10-27,21:23:16,-07:00,2025-10-27T21:23:16-07:00,0,0
style.css,156,css,202112d1,Shant Guedekelian,2025-10-27,21:23:16,-07:00,2025-10-27T21:23:16-07:00,0,7
style.css,157,css,202112d1,Shant Guedekelian,2025-10-27,21:23:16,-07:00,2025-10-27T21:23:16-07:00,1,60
style.css,158,css,202112d1,Shant Guedekelian,2025-10-27,21:23:16,-07:00,2025-10-27T21:23:16-07:00,1,50
style.css,159,css,202112d1,Shant Guedekelian,2025-10-27,21:23:16,-07:00,2025-10-27T21:23:16-07:00,1,22
style.css,160,css,202112d1,Shant Guedekelian,2025-10-27,21:23:16,-07:00,2025-10-27T21:23:16-07:00,1,21
style.css,161,css,202112d1,Shant Guedekelian,2025-10-27,21:23:16,-07:00,2025-10-27T21:23:16-07:00,1,16
style.css,162,css,202112d1,Shant Guedekelian,2025-10-27,21:23:16,-07:00,2025-10-27T21:23:16-07:00,1,11
style.css,163,css,202112d1,Shant Guedekelian,2025-10-27,21:23:16,-07:00,2025-10-27T21:23:16-07:00,1,9
style.css,164,css,202112d1,Shant Guedekelian,2025-10-27,21:23:16,-07:00,2025-10-27T21:23:16-07:00,1,50
style.css,165,css,202112d1,Shant Guedekelian,2025-10-27,21:23:16,-07:00,2025-10-27T21:23:16-07:00,1,56
style.css,166,css,202112d1,Shant Guedekelian,2025-10-27,21:23:16,-07:00,2025-10-27T21:23:16-07:00,0,0
style.css,167,css,202112d1,Shant Guedekelian,2025-10-27,21:23:16,-07:00,2025-10-27T21:23:16-07:00,0,0
style.css,168,css,202112d1,Shant Guedekelian,2025-10-27,21:23:16,-07:00,2025-10-27T21:23:16-07:00,0,11
style.css,169,css,202112d1,Shant Guedekelian,2025-10-27,21:23:16,-07:00,2025-10-27T21:23:16-07:00,1,12
style.css,170,css,202112d1,Shant Guedekelian,2025-10-27,21:23:16,-07:00,2025-10-27T21:23:16-07:00,1,18
style.css,171,css,202112d1,Shant Guedekelian,2025-10-27,21:23:16,-07:00,2025-10-27T21:23:16-07:00,1,9
style.css,172,css,202112d1,Shant Guedekelian,2025-10-27,21:23:16,-07:00,2025-10-27T21:23:16-07:00,0,0
style.css,173,css,202112d1,Shant Guedekelian,2025-10-27,21:23:16,-07:00,2025-10-27T21:23:16-07:00,0,0
style.css,174,css,202112d1,Shant Guedekelian,2025-10-27,21:23:16,-07:00,2025-10-27T21:23:16-07:00,0,9
style.css,175,css,202112d1,Shant Guedekelian,2025-10-27,21:23:16,-07:00,2025-10-27T21:23:16-07:00,2,11
style.css,176,css,202112d1,Shant Guedekelian,2025-10-27,21:23:16,-07:00,2025-10-27T21:23:16-07:00,2,18
style.css,177,css,202112d1,Shant Guedekelian,2025-10-27,21:23:16,-07:00,2025-10-27T21:23:16-07:00,2,63
style.css,178,css,202112d1,Shant Guedekelian,2025-10-27,21:23:16,-07:00,2025-10-27T21:23:16-07:00,2,42
style.css,179,css,202112d1,Shant Guedekelian,2025-10-27,21:23:16,-07:00,2025-10-27T21:23:16-07:00,2,57
style.css,180,css,202112d1,Shant Guedekelian,2025-10-27,21:23:16,-07:00,2025-10-27T21:23:16-07:00,0,0
style.css,181,css,202112d1,Shant Guedekelian,2025-10-27,21:23:16,-07:00,2025-10-27T21:23:16-07:00,0,0
style.css,182,css,202112d1,Shant Guedekelian,2025-10-27,21:23:16,-07:00,2025-10-27T21:23:16-07:00,0,7
style.css,183,css,202112d1,Shant Guedekelian,2025-10-27,21:23:16,-07:00,2025-10-27T21:23:16-07:00,1,9
style.css,184,css,202112d1,Shant Guedekelian,2025-10-27,21:23:16,-07:00,2025-10-27T21:23:16-07:00,1,10
style.css,185,css,202112d1,Shant Guedekelian,2025-10-27,21:23:16,-07:00,2025-10-27T21:23:16-07:00,1,29
style.css,186,css,202112d1,Shant Guedekelian,2025-10-27,21:23:16,-07:00,2025-10-27T21:23:16-07:00,1,59
style.css,187,css,202112d1,Shant Guedekelian,2025-10-27,21:23:16,-07:00,2025-10-27T21:23:16-07:00,1,57
style.css,188,css,0934437d,Shant Guedekelian,2025-10-27,22:57:02,-07:00,2025-10-27T22:57:02-07:00,0,0
style.css,189,css,0934437d,Shant Guedekelian,2025-10-27,22:57:02,-07:00,2025-10-27T22:57:02-07:00,0,0
style.css,190,css,0934437d,Shant Guedekelian,2025-10-27,22:57:02,-07:00,2025-10-27T22:57:02-07:00,0,10
style.css,191,css,0934437d,Shant Guedekelian,2025-10-27,22:57:02,-07:00,2025-10-27T22:57:02-07:00,1,10
style.css,192,css,0934437d,Shant Guedekelian,2025-10-27,22:57:02,-07:00,2025-10-27T22:57:02-07:00,1,11
style.css,193,css,0934437d,Shant Guedekelian,2025-10-27,22:57:02,-07:00,2025-10-27T22:57:02-07:00,1,13
style.css,194,css,0934437d,Shant Guedekelian,2025-10-27,22:57:02,-07:00,2025-10-27T22:57:02-07:00,1,14
style.css,195,css,0934437d,Shant Guedekelian,2025-10-27,22:57:02,-07:00,2025-10-27T22:57:02-07:00,1,21
style.css,196,css,0934437d,Shant Guedekelian,2025-10-27,22:57:02,-07:00,2025-10-27T22:57:02-07:00,1,46
style.css,197,css,0934437d,Shant Guedekelian,2025-10-27,22:57:02,-07:00,2025-10-27T22:57:02-07:00,1,12
style.css,198,css,0934437d,Shant Guedekelian,2025-10-27,22:57:02,-07:00,2025-10-27T22:57:02-07:00,1,33
style.css,199,css,0934437d,Shant Guedekelian,2025-10-27,22:57:02,-07:00,2025-10-27T22:57:02-07:00,1,15
style.css,200,css,0934437d,Shant Guedekelian,2025-10-27,22:57:02,-07:00,2025-10-27T22:57:02-07:00,1,18
style.css,201,css,0934437d,Shant Guedekelian,2025-10-27,22:57:02,-07:00,2025-10-27T22:57:02-07:00,0,0
style.css,202,css,0934437d,Shant Guedekelian,2025-10-27,22:57:02,-07:00,2025-10-27T22:57:02-07:00,0,0
style.css,203,css,0934437d,Shant Guedekelian,2025-10-27,22:57:02,-07:00,2025-10-27T22:57:02-07:00,0,16
style.css,204,css,0934437d,Shant Guedekelian,2025-10-27,22:57:02,-07:00,2025-10-27T22:57:02-07:00,1,49
style.css,205,css,0934437d,Shant Guedekelian,2025-10-27,22:57:02,-07:00,2025-10-27T22:57:02-07:00,0,0
style.css,206,css,0934437d,Shant Guedekelian,2025-10-27,22:57:02,-07:00,2025-10-27T22:57:02-07:00,0,0
style.css,207,css,0934437d,Shant Guedekelian,2025-10-27,22:57:02,-07:00,2025-10-27T22:57:02-07:00,0,4
style.css,208,css,0934437d,Shant Guedekelian,2025-10-27,22:57:02,-07:00,2025-10-27T22:57:02-07:00,1,16
style.css,209,css,0934437d,Shant Guedekelian,2025-10-27,22:57:02,-07:00,2025-10-27T22:57:02-07:00,1,14
style.css,210,css,0934437d,Shant Guedekelian,2025-10-27,22:57:02,-07:00,2025-10-27T22:57:02-07:00,0,0
style.css,211,css,0934437d,Shant Guedekelian,2025-10-27,22:57:02,-07:00,2025-10-27T22:57:02-07:00,0,0
style.css,212,css,0934437d,Shant Guedekelian,2025-10-27,22:57:02,-07:00,2025-10-27T22:57:02-07:00,0,17
style.css,213,css,0934437d,Shant Guedekelian,2025-10-27,22:57:02,-07:00,2025-10-27T22:57:02-07:00,1,16
style.css,214,css,0934437d,Shant Guedekelian,2025-10-27,22:57:02,-07:00,2025-10-27T22:57:02-07:00,2,11
style.css,215,css,0934437d,Shant Guedekelian,2025-10-27,22:57:02,-07:00,2025-10-27T22:57:02-07:00,1,0
style.css,216,css,0934437d,Shant Guedekelian,2025-10-27,22:57:02,-07:00,2025-10-27T22:57:02-07:00,0,0
style.css,217,css,0934437d,Shant Guedekelian,2025-10-27,22:57:02,-07:00,2025-10-27T22:57:02-07:00,0,0
style.css,218,css,0934437d,Shant Guedekelian,2025-10-27,22:57:02,-07:00,2025-10-27T22:57:02-07:00,0,9
style.css,219,css,0934437d,Shant Guedekelian,2025-10-27,22:57:02,-07:00,2025-10-27T22:57:02-07:00,1,35
style.css,220,css,0934437d,Shant Guedekelian,2025-10-27,22:57:02,-07:00,2025-10-27T22:57:02-07:00,0,0
style.css,221,css,0934437d,Shant Guedekelian,2025-10-27,22:57:02,-07:00,2025-10-27T22:57:02-07:00,1,10
style.css,222,css,0934437d,Shant Guedekelian,2025-10-27,22:57:02,-07:00,2025-10-27T22:57:02-07:00,2,17
style.css,223,css,0934437d,Shant Guedekelian,2025-10-27,22:57:02,-07:00,2025-10-27T22:57:02-07:00,1,0
style.css,224,css,9ca61258,Shant Guedekelian,2025-09-28,18:20:37,-07:00,2025-09-28T18:20:37-07:00,0,0
resume.html,1,html,16b10fca,Shant Guedekelian,2025-09-28,19:04:53,-07:00,2025-09-28T19:04:53-07:00,0,13
resume.html,2,html,16b10fca,Shant Guedekelian,2025-09-28,19:04:53,-07:00,2025-09-28T19:04:53-07:00,0,14
resume.html,3,html,16b10fca,Shant Guedekelian,2025-09-28,19:04:53,-07:00,2025-09-28T19:04:53-07:00,0,4
resume.html,4,html,16b10fca,Shant Guedekelian,2025-09-28,19:04:53,-07:00,2025-09-28T19:04:53-07:00,2,20
resume.html,5,html,16b10fca,Shant Guedekelian,2025-09-28,19:04:53,-07:00,2025-09-28T19:04:53-07:00,2,68
resume.html,6,html,16b10fca,Shant Guedekelian,2025-09-28,19:04:53,-07:00,2025-09-28T19:04:53-07:00,2,19
resume.html,7,html,16b10fca,Shant Guedekelian,2025-09-28,19:04:53,-07:00,2025-09-28T19:04:53-07:00,2,41
resume.html,8,html,963a9a0b,Shant Guedekelian,2025-10-17,19:42:22,-07:00,2025-10-17T19:42:22-07:00,2,45
resume.html,9,html,16b10fca,Shant Guedekelian,2025-09-28,19:04:53,-07:00,2025-09-28T19:04:53-07:00,0,5
resume.html,10,html,16b10fca,Shant Guedekelian,2025-09-28,19:04:53,-07:00,2025-09-28T19:04:53-07:00,0,4
resume.html,11,html,560fc8f9,Shant Guedekelian,2025-10-09,21:42:28,-07:00,2025-10-09T21:42:28-07:00,2,2
resume.html,12,html,560fc8f9,Shant Guedekelian,2025-10-09,21:42:28,-07:00,2025-10-09T21:42:28-07:00,4,19
resume.html,13,html,560fc8f9,Shant Guedekelian,2025-10-09,21:42:28,-07:00,2025-10-09T21:42:28-07:00,2,3
resume.html,14,html,963a9a0b,Shant Guedekelian,2025-10-17,19:42:22,-07:00,2025-10-17T19:42:22-07:00,0,0
resume.html,15,html,16b10fca,Shant Guedekelian,2025-09-28,19:04:53,-07:00,2025-09-28T19:04:53-07:00,2,3
resume.html,16,html,16b10fca,Shant Guedekelian,2025-09-28,19:04:53,-07:00,2025-09-28T19:04:53-07:00,4,2
resume.html,17,html,16b10fca,Shant Guedekelian,2025-09-28,19:04:53,-07:00,2025-09-28T19:04:53-07:00,4,15
resume.html,18,html,16b10fca,Shant Guedekelian,2025-09-28,19:04:53,-07:00,2025-09-28T19:04:53-07:00,4,3
resume.html,19,html,5dfee4be,Shant Guedekelian,2025-10-10,19:19:48,-07:00,2025-10-10T19:19:48-07:00,4,22
resume.html,20,html,5dfee4be,Shant Guedekelian,2025-10-10,19:19:48,-07:00,2025-10-10T19:19:48-07:00,6,54
resume.html,21,html,16b10fca,Shant Guedekelian,2025-09-28,19:04:53,-07:00,2025-09-28T19:04:53-07:00,4,2
resume.html,22,html,5dfee4be,Shant Guedekelian,2025-10-10,19:19:48,-07:00,2025-10-10T19:19:48-07:00,4,17
resume.html,23,html,d5e78535,Shant Guedekelian,2025-09-30,13:19:19,-07:00,2025-09-30T13:19:19-07:00,6,7
resume.html,24,html,d5e78535,Shant Guedekelian,2025-09-30,13:19:19,-07:00,2025-09-30T13:19:19-07:00,4,3
resume.html,25,html,5dfee4be,Shant Guedekelian,2025-10-10,19:19:48,-07:00,2025-10-10T19:19:48-07:00,3,23
resume.html,26,html,5dfee4be,Shant Guedekelian,2025-10-10,19:19:48,-07:00,2025-10-10T19:19:48-07:00,6,72
resume.html,27,html,5dfee4be,Shant Guedekelian,2025-10-10,19:19:48,-07:00,2025-10-10T19:19:48-07:00,6,110
resume.html,28,html,5dfee4be,Shant Guedekelian,2025-10-10,19:19:48,-07:00,2025-10-10T19:19:48-07:00,3,4
resume.html,29,html,5dfee4be,Shant Guedekelian,2025-10-10,19:19:48,-07:00,2025-10-10T19:19:48-07:00,4,82
resume.html,30,html,d5e78535,Shant Guedekelian,2025-09-30,13:19:19,-07:00,2025-09-30T13:19:19-07:00,4,131
resume.html,31,html,d5e78535,Shant Guedekelian,2025-09-30,13:19:19,-07:00,2025-09-30T13:19:19-07:00,4,0
resume.html,32,html,5dfee4be,Shant Guedekelian,2025-10-10,19:19:48,-07:00,2025-10-10T19:19:48-07:00,4,17
resume.html,33,html,d5e78535,Shant Guedekelian,2025-09-30,13:19:19,-07:00,2025-09-30T13:19:19-07:00,6,21
resume.html,34,html,d5e78535,Shant Guedekelian,2025-09-30,13:19:19,-07:00,2025-09-30T13:19:19-07:00,4,3
resume.html,35,html,e2c79ca2,Shant Guedekelian,2025-10-03,14:29:31,-07:00,2025-10-03T14:29:31-07:00,4,7
resume.html,36,html,5dfee4be,Shant Guedekelian,2025-10-10,19:19:48,-07:00,2025-10-10T19:19:48-07:00,6,23
resume.html,37,html,5dfee4be,Shant Guedekelian,2025-10-10,19:19:48,-07:00,2025-10-10T19:19:48-07:00,8,71
resume.html,38,html,5dfee4be,Shant Guedekelian,2025-10-10,19:19:48,-07:00,2025-10-10T19:19:48-07:00,8,92
resume.html,39,html,5dfee4be,Shant Guedekelian,2025-10-10,19:19:48,-07:00,2025-10-10T19:19:48-07:00,6,4
resume.html,40,html,5dfee4be,Shant Guedekelian,2025-10-10,19:19:48,-07:00,2025-10-10T19:19:48-07:00,4,104
resume.html,41,html,d5e78535,Shant Guedekelian,2025-09-30,13:19:19,-07:00,2025-09-30T13:19:19-07:00,4,2
resume.html,42,html,d5e78535,Shant Guedekelian,2025-09-30,13:19:19,-07:00,2025-09-30T13:19:19-07:00,6,118
resume.html,43,html,d5e78535,Shant Guedekelian,2025-09-30,13:19:19,-07:00,2025-09-30T13:19:19-07:00,0,43
resume.html,44,html,d5e78535,Shant Guedekelian,2025-09-30,13:19:19,-07:00,2025-09-30T13:19:19-07:00,6,121
resume.html,45,html,d5e78535,Shant Guedekelian,2025-09-30,13:19:19,-07:00,2025-09-30T13:19:19-07:00,0,54
resume.html,46,html,d5e78535,Shant Guedekelian,2025-09-30,13:19:19,-07:00,2025-09-30T13:19:19-07:00,6,123
resume.html,47,html,d5e78535,Shant Guedekelian,2025-09-30,13:19:19,-07:00,2025-09-30T13:19:19-07:00,0,27
resume.html,48,html,d5e78535,Shant Guedekelian,2025-09-30,13:19:19,-07:00,2025-09-30T13:19:19-07:00,6,123
resume.html,49,html,d5e78535,Shant Guedekelian,2025-09-30,13:19:19,-07:00,2025-09-30T13:19:19-07:00,0,14
resume.html,50,html,d5e78535,Shant Guedekelian,2025-09-30,13:19:19,-07:00,2025-09-30T13:19:19-07:00,4,3
resume.html,51,html,e2c79ca2,Shant Guedekelian,2025-10-03,14:29:31,-07:00,2025-10-03T14:29:31-07:00,4,8
resume.html,52,html,e2c79ca2,Shant Guedekelian,2025-10-03,14:29:31,-07:00,2025-10-03T14:29:31-07:00,4,0
resume.html,53,html,e2c79ca2,Shant Guedekelian,2025-10-03,14:29:31,-07:00,2025-10-03T14:29:31-07:00,4,7
resume.html,54,html,5dfee4be,Shant Guedekelian,2025-10-10,19:19:48,-07:00,2025-10-10T19:19:48-07:00,6,23
resume.html,55,html,5dfee4be,Shant Guedekelian,2025-10-10,19:19:48,-07:00,2025-10-10T19:19:48-07:00,8,83
resume.html,56,html,5dfee4be,Shant Guedekelian,2025-10-10,19:19:48,-07:00,2025-10-10T19:19:48-07:00,8,94
resume.html,57,html,5dfee4be,Shant Guedekelian,2025-10-10,19:19:48,-07:00,2025-10-10T19:19:48-07:00,6,4
resume.html,58,html,5dfee4be,Shant Guedekelian,2025-10-10,19:19:48,-07:00,2025-10-10T19:19:48-07:00,4,125
resume.html,59,html,d5e78535,Shant Guedekelian,2025-09-30,13:19:19,-07:00,2025-09-30T13:19:19-07:00,4,2
resume.html,60,html,d5e78535,Shant Guedekelian,2025-09-30,13:19:19,-07:00,2025-09-30T13:19:19-07:00,6,114
resume.html,61,html,d5e78535,Shant Guedekelian,2025-09-30,13:19:19,-07:00,2025-09-30T13:19:19-07:00,0,77
resume.html,62,html,d5e78535,Shant Guedekelian,2025-09-30,13:19:19,-07:00,2025-09-30T13:19:19-07:00,6,113
resume.html,63,html,d5e78535,Shant Guedekelian,2025-09-30,13:19:19,-07:00,2025-09-30T13:19:19-07:00,0,66
resume.html,64,html,d5e78535,Shant Guedekelian,2025-09-30,13:19:19,-07:00,2025-09-30T13:19:19-07:00,6,124
resume.html,65,html,d5e78535,Shant Guedekelian,2025-09-30,13:19:19,-07:00,2025-09-30T13:19:19-07:00,0,60
resume.html,66,html,d5e78535,Shant Guedekelian,2025-09-30,13:19:19,-07:00,2025-09-30T13:19:19-07:00,6,124
resume.html,67,html,d5e78535,Shant Guedekelian,2025-09-30,13:19:19,-07:00,2025-09-30T13:19:19-07:00,0,79
resume.html,68,html,d5e78535,Shant Guedekelian,2025-09-30,13:19:19,-07:00,2025-09-30T13:19:19-07:00,4,3
resume.html,69,html,e2c79ca2,Shant Guedekelian,2025-10-03,14:29:31,-07:00,2025-10-03T14:29:31-07:00,4,8
resume.html,70,html,e2c79ca2,Shant Guedekelian,2025-10-03,14:29:31,-07:00,2025-10-03T14:29:31-07:00,4,0
resume.html,71,html,d5e78535,Shant Guedekelian,2025-09-30,13:19:19,-07:00,2025-09-30T13:19:19-07:00,0,0
resume.html,72,html,e2c79ca2,Shant Guedekelian,2025-10-03,14:29:31,-07:00,2025-10-03T14:29:31-07:00,4,7
resume.html,73,html,5dfee4be,Shant Guedekelian,2025-10-10,19:19:48,-07:00,2025-10-10T19:19:48-07:00,6,23
resume.html,74,html,5dfee4be,Shant Guedekelian,2025-10-10,19:19:48,-07:00,2025-10-10T19:19:48-07:00,8,81
resume.html,75,html,5dfee4be,Shant Guedekelian,2025-10-10,19:19:48,-07:00,2025-10-10T19:19:48-07:00,8,88
resume.html,76,html,5dfee4be,Shant Guedekelian,2025-10-10,19:19:48,-07:00,2025-10-10T19:19:48-07:00,6,4
resume.html,77,html,5dfee4be,Shant Guedekelian,2025-10-10,19:19:48,-07:00,2025-10-10T19:19:48-07:00,4,108
resume.html,78,html,d5e78535,Shant Guedekelian,2025-09-30,13:19:19,-07:00,2025-09-30T13:19:19-07:00,4,2
resume.html,79,html,d5e78535,Shant Guedekelian,2025-09-30,13:19:19,-07:00,2025-09-30T13:19:19-07:00,6,84
resume.html,80,html,d5e78535,Shant Guedekelian,2025-09-30,13:19:19,-07:00,2025-09-30T13:19:19-07:00,6,120
resume.html,81,html,d5e78535,Shant Guedekelian,2025-09-30,13:19:19,-07:00,2025-09-30T13:19:19-07:00,0,10
resume.html,82,html,d5e78535,Shant Guedekelian,2025-09-30,13:19:19,-07:00,2025-09-30T13:19:19-07:00,6,136
resume.html,83,html,d5e78535,Shant Guedekelian,2025-09-30,13:19:19,-07:00,2025-09-30T13:19:19-07:00,6,113
resume.html,84,html,d5e78535,Shant Guedekelian,2025-09-30,13:19:19,-07:00,2025-09-30T13:19:19-07:00,4,3
resume.html,85,html,e2c79ca2,Shant Guedekelian,2025-10-03,14:29:31,-07:00,2025-10-03T14:29:31-07:00,4,8
resume.html,86,html,e2c79ca2,Shant Guedekelian,2025-10-03,14:29:31,-07:00,2025-10-03T14:29:31-07:00,4,0
resume.html,87,html,d5e78535,Shant Guedekelian,2025-09-30,13:19:19,-07:00,2025-09-30T13:19:19-07:00,4,0
resume.html,88,html,5dfee4be,Shant Guedekelian,2025-10-10,19:19:48,-07:00,2025-10-10T19:19:48-07:00,4,17
resume.html,89,html,d5e78535,Shant Guedekelian,2025-09-30,13:19:19,-07:00,2025-09-30T13:19:19-07:00,6,14
resume.html,90,html,d5e78535,Shant Guedekelian,2025-09-30,13:19:19,-07:00,2025-09-30T13:19:19-07:00,4,3
resume.html,91,html,e2c79ca2,Shant Guedekelian,2025-10-03,14:29:31,-07:00,2025-10-03T14:29:31-07:00,4,7
resume.html,92,html,5dfee4be,Shant Guedekelian,2025-10-10,19:19:48,-07:00,2025-10-10T19:19:48-07:00,6,23
resume.html,93,html,5dfee4be,Shant Guedekelian,2025-10-10,19:19:48,-07:00,2025-10-10T19:19:48-07:00,8,68
resume.html,94,html,5dfee4be,Shant Guedekelian,2025-10-10,19:19:48,-07:00,2025-10-10T19:19:48-07:00,8,39
resume.html,95,html,5dfee4be,Shant Guedekelian,2025-10-10,19:19:48,-07:00,2025-10-10T19:19:48-07:00,6,4
resume.html,96,html,5dfee4be,Shant Guedekelian,2025-10-10,19:19:48,-07:00,2025-10-10T19:19:48-07:00,6,0
resume.html,97,html,d5e78535,Shant Guedekelian,2025-09-30,13:19:19,-07:00,2025-09-30T13:19:19-07:00,0,0
resume.html,98,html,d5e78535,Shant Guedekelian,2025-09-30,13:19:19,-07:00,2025-09-30T13:19:19-07:00,4,2
resume.html,99,html,d5e78535,Shant Guedekelian,2025-09-30,13:19:19,-07:00,2025-09-30T13:19:19-07:00,6,101
resume.html,100,html,d5e78535,Shant Guedekelian,2025-09-30,13:19:19,-07:00,2025-09-30T13:19:19-07:00,6,84
resume.html,101,html,d5e78535,Shant Guedekelian,2025-09-30,13:19:19,-07:00,2025-09-30T13:19:19-07:00,6,114
resume.html,102,html,d5e78535,Shant Guedekelian,2025-09-30,13:19:19,-07:00,2025-09-30T13:19:19-07:00,0,13
resume.html,103,html,d5e78535,Shant Guedekelian,2025-09-30,13:19:19,-07:00,2025-09-30T13:19:19-07:00,4,3
resume.html,104,html,e2c79ca2,Shant Guedekelian,2025-10-03,14:29:31,-07:00,2025-10-03T14:29:31-07:00,4,8
resume.html,105,html,e2c79ca2,Shant Guedekelian,2025-10-03,14:29:31,-07:00,2025-10-03T14:29:31-07:00,4,0
resume.html,106,html,e2c79ca2,Shant Guedekelian,2025-10-03,14:29:31,-07:00,2025-10-03T14:29:31-07:00,4,7
resume.html,107,html,5dfee4be,Shant Guedekelian,2025-10-10,19:19:48,-07:00,2025-10-10T19:19:48-07:00,6,23
resume.html,108,html,5dfee4be,Shant Guedekelian,2025-10-10,19:19:48,-07:00,2025-10-10T19:19:48-07:00,8,64
resume.html,109,html,5dfee4be,Shant Guedekelian,2025-10-10,19:19:48,-07:00,2025-10-10T19:19:48-07:00,8,42
resume.html,110,html,5dfee4be,Shant Guedekelian,2025-10-10,19:19:48,-07:00,2025-10-10T19:19:48-07:00,6,4
resume.html,111,html,5dfee4be,Shant Guedekelian,2025-10-10,19:19:48,-07:00,2025-10-10T19:19:48-07:00,6,0
resume.html,112,html,d5e78535,Shant Guedekelian,2025-09-30,13:19:19,-07:00,2025-09-30T13:19:19-07:00,0,0
resume.html,113,html,d5e78535,Shant Guedekelian,2025-09-30,13:19:19,-07:00,2025-09-30T13:19:19-07:00,4,2
resume.html,114,html,d5e78535,Shant Guedekelian,2025-09-30,13:19:19,-07:00,2025-09-30T13:19:19-07:00,6,125
resume.html,115,html,d5e78535,Shant Guedekelian,2025-09-30,13:19:19,-07:00,2025-09-30T13:19:19-07:00,0,28
resume.html,116,html,d5e78535,Shant Guedekelian,2025-09-30,13:19:19,-07:00,2025-09-30T13:19:19-07:00,6,115
resume.html,117,html,d5e78535,Shant Guedekelian,2025-09-30,13:19:19,-07:00,2025-09-30T13:19:19-07:00,0,15
resume.html,118,html,d5e78535,Shant Guedekelian,2025-09-30,13:19:19,-07:00,2025-09-30T13:19:19-07:00,4,3
resume.html,119,html,e2c79ca2,Shant Guedekelian,2025-10-03,14:29:31,-07:00,2025-10-03T14:29:31-07:00,4,8
resume.html,120,html,e2c79ca2,Shant Guedekelian,2025-10-03,14:29:31,-07:00,2025-10-03T14:29:31-07:00,4,0
resume.html,121,html,d5e78535,Shant Guedekelian,2025-09-30,13:19:19,-07:00,2025-09-30T13:19:19-07:00,0,0
resume.html,122,html,5dfee4be,Shant Guedekelian,2025-10-10,19:19:48,-07:00,2025-10-10T19:19:48-07:00,4,17
resume.html,123,html,d5e78535,Shant Guedekelian,2025-09-30,13:19:19,-07:00,2025-09-30T13:19:19-07:00,6,4
resume.html,124,html,d5e78535,Shant Guedekelian,2025-09-30,13:19:19,-07:00,2025-09-30T13:19:19-07:00,4,3
resume.html,125,html,d5e78535,Shant Guedekelian,2025-09-30,13:19:19,-07:00,2025-09-30T13:19:19-07:00,4,53
resume.html,126,html,d5e78535,Shant Guedekelian,2025-09-30,13:19:19,-07:00,2025-09-30T13:19:19-07:00,4,93
resume.html,127,html,16b10fca,Shant Guedekelian,2025-09-28,19:04:53,-07:00,2025-09-28T19:04:53-07:00,2,4
resume.html,128,html,16b10fca,Shant Guedekelian,2025-09-28,19:04:53,-07:00,2025-09-28T19:04:53-07:00,2,0
resume.html,129,html,16b10fca,Shant Guedekelian,2025-09-28,19:04:53,-07:00,2025-09-28T19:04:53-07:00,0,5
resume.html,130,html,16b10fca,Shant Guedekelian,2025-09-28,19:04:53,-07:00,2025-09-28T19:04:53-07:00,0,5
index.js,1,js,92b72ade,Shant Guedekelian,2025-10-24,11:29:00,-07:00,2025-10-24T11:29:00-07:00,0,70
index.js,2,js,4f4d55db,Shant Guedekelian,2025-10-23,22:14:54,-07:00,2025-10-23T22:14:54-07:00,0,0
index.js,3,js,4f4d55db,Shant Guedekelian,2025-10-23,22:14:54,-07:00,2025-10-23T22:14:54-07:00,0,54
index.js,4,js,4f4d55db,Shant Guedekelian,2025-10-23,22:14:54,-07:00,2025-10-23T22:14:54-07:00,0,42
index.js,5,js,4f4d55db,Shant Guedekelian,2025-10-23,22:14:54,-07:00,2025-10-23T22:14:54-07:00,0,0
index.js,6,js,4f4d55db,Shant Guedekelian,2025-10-23,22:14:54,-07:00,2025-10-23T22:14:54-07:00,0,60
index.js,7,js,4f4d55db,Shant Guedekelian,2025-10-23,22:14:54,-07:00,2025-10-23T22:14:54-07:00,0,16
index.js,8,js,4f4d55db,Shant Guedekelian,2025-10-23,22:14:54,-07:00,2025-10-23T22:14:54-07:00,0,0
index.js,9,js,4f4d55db,Shant Guedekelian,2025-10-23,22:14:54,-07:00,2025-10-23T22:14:54-07:00,0,54
index.js,10,js,4f4d55db,Shant Guedekelian,2025-10-23,22:14:54,-07:00,2025-10-23T22:14:54-07:00,0,0
index.js,11,js,92b72ade,Shant Guedekelian,2025-10-24,11:29:00,-07:00,2025-10-24T11:29:00-07:00,0,58
index.js,12,js,92b72ade,Shant Guedekelian,2025-10-24,11:29:00,-07:00,2025-10-24T11:29:00-07:00,0,0
index.js,13,js,92b72ade,Shant Guedekelian,2025-10-24,11:29:00,-07:00,2025-10-24T11:29:00-07:00,0,60
index.js,14,js,92b72ade,Shant Guedekelian,2025-10-24,11:29:00,-07:00,2025-10-24T11:29:00-07:00,0,0
index.js,15,js,92b72ade,Shant Guedekelian,2025-10-24,11:29:00,-07:00,2025-10-24T11:29:00-07:00,0,17
index.js,16,js,92b72ade,Shant Guedekelian,2025-10-24,11:29:00,-07:00,2025-10-24T11:29:00-07:00,1,24
index.js,17,js,92b72ade,Shant Guedekelian,2025-10-24,11:29:00,-07:00,2025-10-24T11:29:00-07:00,4,22
index.js,18,js,92b72ade,Shant Guedekelian,2025-10-24,11:29:00,-07:00,2025-10-24T11:29:00-07:00,4,2
index.js,19,js,92b72ade,Shant Guedekelian,2025-10-24,11:29:00,-07:00,2025-10-24T11:29:00-07:00,5,55
index.js,20,js,92b72ade,Shant Guedekelian,2025-10-24,11:29:00,-07:00,2025-10-24T11:29:00-07:00,5,55
index.js,21,js,92b72ade,Shant Guedekelian,2025-10-24,11:29:00,-07:00,2025-10-24T11:29:00-07:00,5,49
index.js,22,js,92b72ade,Shant Guedekelian,2025-10-24,11:29:00,-07:00,2025-10-24T11:29:00-07:00,5,49
index.js,23,js,92b72ade,Shant Guedekelian,2025-10-24,11:29:00,-07:00,2025-10-24T11:29:00-07:00,4,3
index.js,24,js,92b72ade,Shant Guedekelian,2025-10-24,11:29:00,-07:00,2025-10-24T11:29:00-07:00,2,0
index.js,25,js,92b72ade,Shant Guedekelian,2025-10-24,11:29:00,-07:00,2025-10-24T11:29:00-07:00,0,0
index.js,26,js,4f4d55db,Shant Guedekelian,2025-10-23,22:14:54,-07:00,2025-10-23T22:14:54-07:00,0,0
index.html,1,html,f3750c71,Shant Guedekelian,2025-09-28,17:20:47,-07:00,2025-09-28T17:20:47-07:00,0,13
index.html,2,html,f3750c71,Shant Guedekelian,2025-09-28,17:20:47,-07:00,2025-09-28T17:20:47-07:00,0,14
index.html,3,html,f3750c71,Shant Guedekelian,2025-09-28,17:20:47,-07:00,2025-09-28T17:20:47-07:00,0,4
index.html,4,html,f3750c71,Shant Guedekelian,2025-09-28,17:20:47,-07:00,2025-09-28T17:20:47-07:00,2,20
index.html,5,html,f3750c71,Shant Guedekelian,2025-09-28,17:20:47,-07:00,2025-09-28T17:20:47-07:00,2,68
index.html,6,html,f3750c71,Shant Guedekelian,2025-09-28,17:20:47,-07:00,2025-09-28T17:20:47-07:00,2,58
index.html,7,html,9ca61258,Shant Guedekelian,2025-09-28,18:20:37,-07:00,2025-09-28T18:20:37-07:00,2,38
index.html,8,html,963a9a0b,Shant Guedekelian,2025-10-17,19:42:22,-07:00,2025-10-17T19:42:22-07:00,2,48
index.html,9,html,4f4d55db,Shant Guedekelian,2025-10-23,22:14:54,-07:00,2025-10-23T22:14:54-07:00,2,44
index.html,10,html,963a9a0b,Shant Guedekelian,2025-10-17,19:42:22,-07:00,2025-10-17T19:42:22-07:00,0,0
index.html,11,html,f3750c71,Shant Guedekelian,2025-09-28,17:20:47,-07:00,2025-09-28T17:20:47-07:00,0,5
index.html,12,html,f3750c71,Shant Guedekelian,2025-09-28,17:20:47,-07:00,2025-09-28T17:20:47-07:00,0,4
index.html,13,html,f3750c71,Shant Guedekelian,2025-09-28,17:20:47,-07:00,2025-09-28T17:20:47-07:00,2,2
index.html,14,html,f3750c71,Shant Guedekelian,2025-09-28,17:20:47,-07:00,2025-09-28T17:20:47-07:00,4,15
index.html,15,html,f3750c71,Shant Guedekelian,2025-09-28,17:20:47,-07:00,2025-09-28T17:20:47-07:00,2,3
index.html,16,html,f3750c71,Shant Guedekelian,2025-09-28,17:20:47,-07:00,2025-09-28T17:20:47-07:00,2,1
index.html,17,html,f3750c71,Shant Guedekelian,2025-09-28,17:20:47,-07:00,2025-09-28T17:20:47-07:00,4,51
index.html,18,html,f3750c71,Shant Guedekelian,2025-09-28,17:20:47,-07:00,2025-09-28T17:20:47-07:00,2,2
index.html,19,html,92b72ade,Shant Guedekelian,2025-10-24,11:29:00,-07:00,2025-10-24T11:29:00-07:00,0,0
index.html,20,html,92b72ade,Shant Guedekelian,2025-10-24,11:29:00,-07:00,2025-10-24T11:29:00-07:00,2,22
index.html,21,html,92b72ade,Shant Guedekelian,2025-10-24,11:29:00,-07:00,2025-10-24T11:29:00-07:00,4,0
index.html,22,html,92b72ade,Shant Guedekelian,2025-10-24,11:29:00,-07:00,2025-10-24T11:29:00-07:00,2,4
index.html,23,html,963a9a0b,Shant Guedekelian,2025-10-17,19:42:22,-07:00,2025-10-17T19:42:22-07:00,2,0
index.html,24,html,9ca61258,Shant Guedekelian,2025-09-28,18:20:37,-07:00,2025-09-28T18:20:37-07:00,2,52
index.html,25,html,f3750c71,Shant Guedekelian,2025-09-28,17:20:47,-07:00,2025-09-28T17:20:47-07:00,0,5
index.html,26,html,4f4d55db,Shant Guedekelian,2025-10-23,22:14:54,-07:00,2025-10-23T22:14:54-07:00,0,0
index.html,27,html,4f4d55db,Shant Guedekelian,2025-10-23,22:14:54,-07:00,2025-10-23T22:14:54-07:00,0,22
index.html,28,html,4f4d55db,Shant Guedekelian,2025-10-23,22:14:54,-07:00,2025-10-23T22:14:54-07:00,0,20
index.html,29,html,4f4d55db,Shant Guedekelian,2025-10-23,22:14:54,-07:00,2025-10-23T22:14:54-07:00,1,49
index.html,30,html,4f4d55db,Shant Guedekelian,2025-10-23,22:14:54,-07:00,2025-10-23T22:14:54-07:00,0,4
index.html,31,html,4f4d55db,Shant Guedekelian,2025-10-23,22:14:54,-07:00,2025-10-23T22:14:54-07:00,0,0
index.html,32,html,4f4d55db,Shant Guedekelian,2025-10-23,22:14:54,-07:00,2025-10-23T22:14:54-07:00,0,0
index.html,33,html,f3750c71,Shant Guedekelian,2025-09-28,17:20:47,-07:00,2025-09-28T17:20:47-07:00,0,5
global.js,1,js,963a9a0b,Shant Guedekelian,2025-10-17,19:42:22,-07:00,2025-10-17T19:42:22-07:00,0,25
global.js,2,js,963a9a0b,Shant Guedekelian,2025-10-17,19:42:22,-07:00,2025-10-17T19:42:22-07:00,0,0
global.js,3,js,963a9a0b,Shant Guedekelian,2025-10-17,19:42:22,-07:00,2025-10-17T19:42:22-07:00,0,41
global.js,4,js,963a9a0b,Shant Guedekelian,2025-10-17,19:42:22,-07:00,2025-10-17T19:42:22-07:00,1,52
global.js,5,js,963a9a0b,Shant Guedekelian,2025-10-17,19:42:22,-07:00,2025-10-17T19:42:22-07:00,0,0
global.js,6,js,963a9a0b,Shant Guedekelian,2025-10-17,19:42:22,-07:00,2025-10-17T19:42:22-07:00,0,0
global.js,7,js,963a9a0b,Shant Guedekelian,2025-10-17,19:42:22,-07:00,2025-10-17T19:42:22-07:00,0,28
global.js,8,js,963a9a0b,Shant Guedekelian,2025-10-17,19:42:22,-07:00,2025-10-17T19:42:22-07:00,0,0
global.js,9,js,963a9a0b,Shant Guedekelian,2025-10-17,19:42:22,-07:00,2025-10-17T19:42:22-07:00,0,33
global.js,10,js,963a9a0b,Shant Guedekelian,2025-10-17,19:42:22,-07:00,2025-10-17T19:42:22-07:00,0,71
global.js,11,js,963a9a0b,Shant Guedekelian,2025-10-17,19:42:22,-07:00,2025-10-17T19:42:22-07:00,0,3
global.js,12,js,963a9a0b,Shant Guedekelian,2025-10-17,19:42:22,-07:00,2025-10-17T19:42:22-07:00,0,0
global.js,13,js,963a9a0b,Shant Guedekelian,2025-10-17,19:42:22,-07:00,2025-10-17T19:42:22-07:00,0,19
global.js,14,js,963a9a0b,Shant Guedekelian,2025-10-17,19:42:22,-07:00,2025-10-17T19:42:22-07:00,0,39
global.js,15,js,963a9a0b,Shant Guedekelian,2025-10-17,19:42:22,-07:00,2025-10-17T19:42:22-07:00,0,40
global.js,16,js,963a9a0b,Shant Guedekelian,2025-10-17,19:42:22,-07:00,2025-10-17T19:42:22-07:00,0,2
global.js,17,js,963a9a0b,Shant Guedekelian,2025-10-17,19:42:22,-07:00,2025-10-17T19:42:22-07:00,0,0
global.js,18,js,963a9a0b,Shant Guedekelian,2025-10-17,19:42:22,-07:00,2025-10-17T19:42:22-07:00,0,11
global.js,19,js,963a9a0b,Shant Guedekelian,2025-10-17,19:42:22,-07:00,2025-10-17T19:42:22-07:00,1,25
global.js,20,js,963a9a0b,Shant Guedekelian,2025-10-17,19:42:22,-07:00,2025-10-17T19:42:22-07:00,1,38
global.js,21,js,963a9a0b,Shant Guedekelian,2025-10-17,19:42:22,-07:00,2025-10-17T19:42:22-07:00,1,35
global.js,22,js,963a9a0b,Shant Guedekelian,2025-10-17,19:42:22,-07:00,2025-10-17T19:42:22-07:00,1,37
global.js,23,js,00000000,Not Committed Yet,2025-11-04,23:16:15,-08:00,2025-11-04T23:16:15-08:00,1,39
global.js,24,js,963a9a0b,Shant Guedekelian,2025-10-17,19:42:22,-07:00,2025-10-17T19:42:22-07:00,1,61
global.js,25,js,963a9a0b,Shant Guedekelian,2025-10-17,19:42:22,-07:00,2025-10-17T19:42:22-07:00,0,0
global.js,26,js,963a9a0b,Shant Guedekelian,2025-10-17,19:42:22,-07:00,2025-10-17T19:42:22-07:00,0,0
global.js,27,js,963a9a0b,Shant Guedekelian,2025-10-17,19:42:22,-07:00,2025-10-17T19:42:22-07:00,0,38
global.js,28,js,963a9a0b,Shant Guedekelian,2025-10-17,19:42:22,-07:00,2025-10-17T19:42:22-07:00,0,49
global.js,29,js,963a9a0b,Shant Guedekelian,2025-10-17,19:42:22,-07:00,2025-10-17T19:42:22-07:00,0,25
global.js,30,js,963a9a0b,Shant Guedekelian,2025-10-17,19:42:22,-07:00,2025-10-17T19:42:22-07:00,0,25
global.js,31,js,963a9a0b,Shant Guedekelian,2025-10-17,19:42:22,-07:00,2025-10-17T19:42:22-07:00,0,0
global.js,32,js,963a9a0b,Shant Guedekelian,2025-10-17,19:42:22,-07:00,2025-10-17T19:42:22-07:00,0,88
global.js,33,js,963a9a0b,Shant Guedekelian,2025-10-17,19:42:22,-07:00,2025-10-17T19:42:22-07:00,1,36
global.js,34,js,963a9a0b,Shant Guedekelian,2025-10-17,19:42:22,-07:00,2025-10-17T19:42:22-07:00,1,12
global.js,35,js,963a9a0b,Shant Guedekelian,2025-10-17,19:42:22,-07:00,2025-10-17T19:42:22-07:00,0,0
global.js,36,js,963a9a0b,Shant Guedekelian,2025-10-17,19:42:22,-07:00,2025-10-17T19:42:22-07:00,0,20
global.js,37,js,963a9a0b,Shant Guedekelian,2025-10-17,19:42:22,-07:00,2025-10-17T19:42:22-07:00,2,14
global.js,38,js,963a9a0b,Shant Guedekelian,2025-10-17,19:42:22,-07:00,2025-10-17T19:42:22-07:00,2,18
global.js,39,js,963a9a0b,Shant Guedekelian,2025-10-17,19:42:22,-07:00,2025-10-17T19:42:22-07:00,2,41
global.js,40,js,963a9a0b,Shant Guedekelian,2025-10-17,19:42:22,-07:00,2025-10-17T19:42:22-07:00,2,34
global.js,41,js,963a9a0b,Shant Guedekelian,2025-10-17,19:42:22,-07:00,2025-10-17T19:42:22-07:00,2,28
global.js,42,js,963a9a0b,Shant Guedekelian,2025-10-17,19:42:22,-07:00,2025-10-17T19:42:22-07:00,4,20
global.js,43,js,963a9a0b,Shant Guedekelian,2025-10-17,19:42:22,-07:00,2025-10-17T19:42:22-07:00,2,0
global.js,44,js,963a9a0b,Shant Guedekelian,2025-10-17,19:42:22,-07:00,2025-10-17T19:42:22-07:00,2,11
global.js,45,js,963a9a0b,Shant Guedekelian,2025-10-17,19:42:22,-07:00,2025-10-17T19:42:22-07:00,2,20
global.js,46,js,963a9a0b,Shant Guedekelian,2025-10-17,19:42:22,-07:00,2025-10-17T19:42:22-07:00,2,12
global.js,47,js,963a9a0b,Shant Guedekelian,2025-10-17,19:42:22,-07:00,2025-10-17T19:42:22-07:00,2,65
global.js,48,js,963a9a0b,Shant Guedekelian,2025-10-17,19:42:22,-07:00,2025-10-17T19:42:22-07:00,4,25
global.js,49,js,963a9a0b,Shant Guedekelian,2025-10-17,19:42:22,-07:00,2025-10-17T19:42:22-07:00,2,0
global.js,50,js,963a9a0b,Shant Guedekelian,2025-10-17,19:42:22,-07:00,2025-10-17T19:42:22-07:00,2,29
global.js,51,js,963a9a0b,Shant Guedekelian,2025-10-17,19:42:22,-07:00,2025-10-17T19:42:22-07:00,4,18
global.js,52,js,963a9a0b,Shant Guedekelian,2025-10-17,19:42:22,-07:00,2025-10-17T19:42:22-07:00,2,0
global.js,53,js,963a9a0b,Shant Guedekelian,2025-10-17,19:42:22,-07:00,2025-10-17T19:42:22-07:00,0,0
global.js,54,js,963a9a0b,Shant Guedekelian,2025-10-17,19:42:22,-07:00,2025-10-17T19:42:22-07:00,0,0
global.js,55,js,963a9a0b,Shant Guedekelian,2025-10-17,19:42:22,-07:00,2025-10-17T19:42:22-07:00,0,31
global.js,56,js,963a9a0b,Shant Guedekelian,2025-10-17,19:42:22,-07:00,2025-10-17T19:42:22-07:00,1,11
global.js,57,js,963a9a0b,Shant Guedekelian,2025-10-17,19:42:22,-07:00,2025-10-17T19:42:22-07:00,1,0
global.js,58,js,963a9a0b,Shant Guedekelian,2025-10-17,19:42:22,-07:00,2025-10-17T19:42:22-07:00,0,26
global.js,59,js,963a9a0b,Shant Guedekelian,2025-10-17,19:42:22,-07:00,2025-10-17T19:42:22-07:00,0,4
global.js,60,js,963a9a0b,Shant Guedekelian,2025-10-17,19:42:22,-07:00,2025-10-17T19:42:22-07:00,0,6
global.js,61,js,963a9a0b,Shant Guedekelian,2025-10-17,19:42:22,-07:00,2025-10-17T19:42:22-07:00,0,43
global.js,62,js,963a9a0b,Shant Guedekelian,2025-10-17,19:42:22,-07:00,2025-10-17T19:42:22-07:00,6,32
global.js,63,js,963a9a0b,Shant Guedekelian,2025-10-17,19:42:22,-07:00,2025-10-17T19:42:22-07:00,6,34
global.js,64,js,963a9a0b,Shant Guedekelian,2025-10-17,19:42:22,-07:00,2025-10-17T19:42:22-07:00,0,7
global.js,65,js,963a9a0b,Shant Guedekelian,2025-10-17,19:42:22,-07:00,2025-10-17T19:42:22-07:00,0,8
global.js,66,js,963a9a0b,Shant Guedekelian,2025-10-17,19:42:22,-07:00,2025-10-17T19:42:22-07:00,0,0
global.js,67,js,963a9a0b,Shant Guedekelian,2025-10-17,19:42:22,-07:00,2025-10-17T19:42:22-07:00,0,0
global.js,68,js,963a9a0b,Shant Guedekelian,2025-10-17,19:42:22,-07:00,2025-10-17T19:42:22-07:00,0,44
global.js,69,js,963a9a0b,Shant Guedekelian,2025-10-17,19:42:22,-07:00,2025-10-17T19:42:22-07:00,0,0
global.js,70,js,963a9a0b,Shant Guedekelian,2025-10-17,19:42:22,-07:00,2025-10-17T19:42:22-07:00,0,49
global.js,71,js,963a9a0b,Shant Guedekelian,2025-10-17,19:42:22,-07:00,2025-10-17T19:42:22-07:00,1,44
global.js,72,js,963a9a0b,Shant Guedekelian,2025-10-17,19:42:22,-07:00,2025-10-17T19:42:22-07:00,1,77
global.js,73,js,963a9a0b,Shant Guedekelian,2025-10-17,19:42:22,-07:00,2025-10-17T19:42:22-07:00,1,57
global.js,74,js,963a9a0b,Shant Guedekelian,2025-10-17,19:42:22,-07:00,2025-10-17T19:42:22-07:00,0,0
global.js,75,js,963a9a0b,Shant Guedekelian,2025-10-17,19:42:22,-07:00,2025-10-17T19:42:22-07:00,0,1
global.js,76,js,963a9a0b,Shant Guedekelian,2025-10-17,19:42:22,-07:00,2025-10-17T19:42:22-07:00,0,0
global.js,77,js,963a9a0b,Shant Guedekelian,2025-10-17,19:42:22,-07:00,2025-10-17T19:42:22-07:00,0,32
global.js,78,js,963a9a0b,Shant Guedekelian,2025-10-17,19:42:22,-07:00,2025-10-17T19:42:22-07:00,2,83
global.js,79,js,963a9a0b,Shant Guedekelian,2025-10-17,19:42:22,-07:00,2025-10-17T19:42:22-07:00,2,38
global.js,80,js,963a9a0b,Shant Guedekelian,2025-10-17,19:42:22,-07:00,2025-10-17T19:42:22-07:00,0,0
global.js,81,js,4f4d55db,Shant Guedekelian,2025-10-23,22:14:54,-07:00,2025-10-23T22:14:54-07:00,0,0
global.js,82,js,4f4d55db,Shant Guedekelian,2025-10-23,22:14:54,-07:00,2025-10-23T22:14:54-07:00,0,36
global.js,83,js,4f4d55db,Shant Guedekelian,2025-10-23,22:14:54,-07:00,2025-10-23T22:14:54-07:00,1,3
global.js,84,js,4f4d55db,Shant Guedekelian,2025-10-23,22:14:54,-07:00,2025-10-23T22:14:54-07:00,2,39
global.js,85,js,4f4d55db,Shant Guedekelian,2025-10-23,22:14:54,-07:00,2025-10-23T22:14:54-07:00,2,32
global.js,86,js,4f4d55db,Shant Guedekelian,2025-10-23,22:14:54,-07:00,2025-10-23T22:14:54-07:00,2,17
global.js,87,js,4f4d55db,Shant Guedekelian,2025-10-23,22:14:54,-07:00,2025-10-23T22:14:54-07:00,3,66
global.js,88,js,4f4d55db,Shant Guedekelian,2025-10-23,22:14:54,-07:00,2025-10-23T22:14:54-07:00,2,0
global.js,89,js,4f4d55db,Shant Guedekelian,2025-10-23,22:14:54,-07:00,2025-10-23T22:14:54-07:00,2,33
global.js,90,js,4f4d55db,Shant Guedekelian,2025-10-23,22:14:54,-07:00,2025-10-23T22:14:54-07:00,2,10
global.js,91,js,4f4d55db,Shant Guedekelian,2025-10-23,22:14:54,-07:00,2025-10-23T22:14:54-07:00,1,15
global.js,92,js,4f4d55db,Shant Guedekelian,2025-10-23,22:14:54,-07:00,2025-10-23T22:14:54-07:00,2,59
global.js,93,js,4f4d55db,Shant Guedekelian,2025-10-23,22:14:54,-07:00,2025-10-23T22:14:54-07:00,1,0
global.js,94,js,4f4d55db,Shant Guedekelian,2025-10-23,22:14:54,-07:00,2025-10-23T22:14:54-07:00,0,0
global.js,95,js,4f4d55db,Shant Guedekelian,2025-10-23,22:14:54,-07:00,2025-10-23T22:14:54-07:00,0,0
global.js,96,js,4f4d55db,Shant Guedekelian,2025-10-23,22:14:54,-07:00,2025-10-23T22:14:54-07:00,0,79
global.js,97,js,4f4d55db,Shant Guedekelian,2025-10-23,22:14:54,-07:00,2025-10-23T22:14:54-07:00,1,34
global.js,98,js,4f4d55db,Shant Guedekelian,2025-10-23,22:14:54,-07:00,2025-10-23T22:14:54-07:00,1,54
global.js,99,js,4f4d55db,Shant Guedekelian,2025-10-23,22:14:54,-07:00,2025-10-23T22:14:54-07:00,1,10
global.js,100,js,4f4d55db,Shant Guedekelian,2025-10-23,22:14:54,-07:00,2025-10-23T22:14:54-07:00,3,44
global.js,101,js,4f4d55db,Shant Guedekelian,2025-10-23,22:14:54,-07:00,2025-10-23T22:14:54-07:00,1,6
global.js,102,js,4f4d55db,Shant Guedekelian,2025-10-23,22:14:54,-07:00,2025-10-23T22:14:54-07:00,3,62
global.js,103,js,4f4d55db,Shant Guedekelian,2025-10-23,22:14:54,-07:00,2025-10-23T22:14:54-07:00,1,0
global.js,104,js,4f4d55db,Shant Guedekelian,2025-10-23,22:14:54,-07:00,2025-10-23T22:14:54-07:00,0,0
global.js,105,js,4f4d55db,Shant Guedekelian,2025-10-23,22:14:54,-07:00,2025-10-23T22:14:54-07:00,1,34
global.js,106,js,4f4d55db,Shant Guedekelian,2025-10-23,22:14:54,-07:00,2025-10-23T22:14:54-07:00,1,22
global.js,107,js,4f4d55db,Shant Guedekelian,2025-10-23,22:14:54,-07:00,2025-10-23T22:14:54-07:00,2,44
global.js,108,js,4f4d55db,Shant Guedekelian,2025-10-23,22:14:54,-07:00,2025-10-23T22:14:54-07:00,2,5
global.js,109,js,4f4d55db,Shant Guedekelian,2025-10-23,22:14:54,-07:00,2025-10-23T22:14:54-07:00,1,0
global.js,110,js,4f4d55db,Shant Guedekelian,2025-10-23,22:14:54,-07:00,2025-10-23T22:14:54-07:00,0,0
global.js,111,js,4f4d55db,Shant Guedekelian,2025-10-23,22:14:54,-07:00,2025-10-23T22:14:54-07:00,1,30
global.js,112,js,4f4d55db,Shant Guedekelian,2025-10-23,22:14:54,-07:00,2025-10-23T22:14:54-07:00,1,30
global.js,113,js,4f4d55db,Shant Guedekelian,2025-10-23,22:14:54,-07:00,2025-10-23T22:14:54-07:00,0,0
global.js,114,js,4f4d55db,Shant Guedekelian,2025-10-23,22:14:54,-07:00,2025-10-23T22:14:54-07:00,1,29
global.js,115,js,4f4d55db,Shant Guedekelian,2025-10-23,22:14:54,-07:00,2025-10-23T22:14:54-07:00,1,27
global.js,116,js,4f4d55db,Shant Guedekelian,2025-10-23,22:14:54,-07:00,2025-10-23T22:14:54-07:00,2,38
global.js,117,js,4f4d55db,Shant Guedekelian,2025-10-23,22:14:54,-07:00,2025-10-23T22:14:54-07:00,2,48
global.js,118,js,4f4d55db,Shant Guedekelian,2025-10-23,22:14:54,-07:00,2025-10-23T22:14:54-07:00,0,0
global.js,119,js,4f4d55db,Shant Guedekelian,2025-10-23,22:14:54,-07:00,2025-10-23T22:14:54-07:00,2,31
global.js,120,js,4f4d55db,Shant Guedekelian,2025-10-23,22:14:54,-07:00,2025-10-23T22:14:54-07:00,2,48
global.js,121,js,4f4d55db,Shant Guedekelian,2025-10-23,22:14:54,-07:00,2025-10-23T22:14:54-07:00,2,32
global.js,122,js,4f4d55db,Shant Guedekelian,2025-10-23,22:14:54,-07:00,2025-10-23T22:14:54-07:00,2,69
global.js,123,js,f5920c4d,Shant Guedekelian,2025-10-27,11:25:56,-07:00,2025-10-27T11:25:56-07:00,2,48
global.js,124,js,4f4d55db,Shant Guedekelian,2025-10-23,22:14:54,-07:00,2025-10-23T22:14:54-07:00,0,0
global.js,125,js,4f4d55db,Shant Guedekelian,2025-10-23,22:14:54,-07:00,2025-10-23T22:14:54-07:00,2,57
global.js,126,js,4f4d55db,Shant Guedekelian,2025-10-23,22:14:54,-07:00,2025-10-23T22:14:54-07:00,2,19
global.js,127,js,4f4d55db,Shant Guedekelian,2025-10-23,22:14:54,-07:00,2025-10-23T22:14:54-07:00,3,41
global.js,128,js,4f4d55db,Shant Guedekelian,2025-10-23,22:14:54,-07:00,2025-10-23T22:14:54-07:00,3,33
global.js,129,js,4f4d55db,Shant Guedekelian,2025-10-23,22:14:54,-07:00,2025-10-23T22:14:54-07:00,3,19
global.js,130,js,f5920c4d,Shant Guedekelian,2025-10-27,11:25:56,-07:00,2025-10-27T11:25:56-07:00,3,15
global.js,131,js,4f4d55db,Shant Guedekelian,2025-10-23,22:14:54,-07:00,2025-10-23T22:14:54-07:00,2,0
global.js,132,js,4f4d55db,Shant Guedekelian,2025-10-23,22:14:54,-07:00,2025-10-23T22:14:54-07:00,0,0
global.js,133,js,4f4d55db,Shant Guedekelian,2025-10-23,22:14:54,-07:00,2025-10-23T22:14:54-07:00,2,39
global.js,134,js,4f4d55db,Shant Guedekelian,2025-10-23,22:14:54,-07:00,2025-10-23T22:14:54-07:00,2,36
global.js,135,js,4f4d55db,Shant Guedekelian,2025-10-23,22:14:54,-07:00,2025-10-23T22:14:54-07:00,1,1
global.js,136,js,4f4d55db,Shant Guedekelian,2025-10-23,22:14:54,-07:00,2025-10-23T22:14:54-07:00,0,0
global.js,137,js,4f4d55db,Shant Guedekelian,2025-10-23,22:14:54,-07:00,2025-10-23T22:14:54-07:00,0,0
global.js,138,js,4f4d55db,Shant Guedekelian,2025-10-23,22:14:54,-07:00,2025-10-23T22:14:54-07:00,0,0
global.js,139,js,92b72ade,Shant Guedekelian,2025-10-24,11:29:00,-07:00,2025-10-24T11:29:00-07:00,0,47
global.js,140,js,92b72ade,Shant Guedekelian,2025-10-24,11:29:00,-07:00,2025-10-24T11:29:00-07:00,1,59
global.js,141,js,92b72ade,Shant Guedekelian,2025-10-24,11:29:00,-07:00,2025-10-24T11:29:00-07:00,0,0
global.js,142,js,92b72ade,Shant Guedekelian,2025-10-24,11:29:00,-07:00,2025-10-24T11:29:00-07:00,0,0
global.js,143,js,92b72ade,Shant Guedekelian,2025-10-24,11:29:00,-07:00,2025-10-24T11:29:00-07:00,0,0
projects/projects.js,1,js,4f4d55db,Shant Guedekelian,2025-10-23,22:14:54,-07:00,2025-10-23T22:14:54-07:00,0,55
projects/projects.js,2,js,f5920c4d,Shant Guedekelian,2025-10-27,11:25:56,-07:00,2025-10-27T11:25:56-07:00,0,63
projects/projects.js,3,js,f5920c4d,Shant Guedekelian,2025-10-27,11:25:56,-07:00,2025-10-27T11:25:56-07:00,0,0
projects/projects.js,4,js,4f4d55db,Shant Guedekelian,2025-10-23,22:14:54,-07:00,2025-10-23T22:14:54-07:00,0,0
projects/projects.js,5,js,4f4d55db,Shant Guedekelian,2025-10-23,22:14:54,-07:00,2025-10-23T22:14:54-07:00,0,55
projects/projects.js,6,js,4f4d55db,Shant Guedekelian,2025-10-23,22:14:54,-07:00,2025-10-23T22:14:54-07:00,0,0
projects/projects.js,7,js,4f4d55db,Shant Guedekelian,2025-10-23,22:14:54,-07:00,2025-10-23T22:14:54-07:00,0,60
projects/projects.js,8,js,4f4d55db,Shant Guedekelian,2025-10-23,22:14:54,-07:00,2025-10-23T22:14:54-07:00,0,0
projects/projects.js,9,js,4f4d55db,Shant Guedekelian,2025-10-23,22:14:54,-07:00,2025-10-23T22:14:54-07:00,0,48
projects/projects.js,10,js,f5920c4d,Shant Guedekelian,2025-10-27,11:25:56,-07:00,2025-10-27T11:25:56-07:00,0,0
projects/projects.js,11,js,f5920c4d,Shant Guedekelian,2025-10-27,11:25:56,-07:00,2025-10-27T11:25:56-07:00,0,57
projects/projects.js,12,js,202112d1,Shant Guedekelian,2025-10-27,21:23:16,-07:00,2025-10-27T21:23:16-07:00,0,47
projects/projects.js,13,js,202112d1,Shant Guedekelian,2025-10-27,21:23:16,-07:00,2025-10-27T21:23:16-07:00,0,13
projects/projects.js,14,js,202112d1,Shant Guedekelian,2025-10-27,21:23:16,-07:00,2025-10-27T21:23:16-07:00,0,53
projects/projects.js,15,js,f5920c4d,Shant Guedekelian,2025-10-27,11:25:56,-07:00,2025-10-27T11:25:56-07:00,0,0
projects/projects.js,16,js,202112d1,Shant Guedekelian,2025-10-27,21:23:16,-07:00,2025-10-27T21:23:16-07:00,0,38
projects/projects.js,17,js,0934437d,Shant Guedekelian,2025-10-27,22:57:02,-07:00,2025-10-27T22:57:02-07:00,1,21
projects/projects.js,18,js,202112d1,Shant Guedekelian,2025-10-27,21:23:16,-07:00,2025-10-27T21:23:16-07:00,1,29
projects/projects.js,19,js,202112d1,Shant Guedekelian,2025-10-27,21:23:16,-07:00,2025-10-27T21:23:16-07:00,2,12
projects/projects.js,20,js,202112d1,Shant Guedekelian,2025-10-27,21:23:16,-07:00,2025-10-27T21:23:16-07:00,2,14
projects/projects.js,21,js,202112d1,Shant Guedekelian,2025-10-27,21:23:16,-07:00,2025-10-27T21:23:16-07:00,2,12
projects/projects.js,22,js,202112d1,Shant Guedekelian,2025-10-27,21:23:16,-07:00,2025-10-27T21:23:16-07:00,1,0
projects/projects.js,23,js,0934437d,Shant Guedekelian,2025-10-27,22:57:02,-07:00,2025-10-27T22:57:02-07:00,0,0
projects/projects.js,24,js,0934437d,Shant Guedekelian,2025-10-27,22:57:02,-07:00,2025-10-27T22:57:02-07:00,1,51
projects/projects.js,25,js,0934437d,Shant Guedekelian,2025-10-27,22:57:02,-07:00,2025-10-27T22:57:02-07:00,2,11
projects/projects.js,26,js,0934437d,Shant Guedekelian,2025-10-27,22:57:02,-07:00,2025-10-27T22:57:02-07:00,2,10
projects/projects.js,27,js,0934437d,Shant Guedekelian,2025-10-27,22:57:02,-07:00,2025-10-27T22:57:02-07:00,1,2
projects/projects.js,28,js,0934437d,Shant Guedekelian,2025-10-27,22:57:02,-07:00,2025-10-27T22:57:02-07:00,0,0
projects/projects.js,29,js,0934437d,Shant Guedekelian,2025-10-27,22:57:02,-07:00,2025-10-27T22:57:02-07:00,1,50
projects/projects.js,30,js,0934437d,Shant Guedekelian,2025-10-27,22:57:02,-07:00,2025-10-27T22:57:02-07:00,1,36
projects/projects.js,31,js,0934437d,Shant Guedekelian,2025-10-27,22:57:02,-07:00,2025-10-27T22:57:02-07:00,1,45
projects/projects.js,32,js,0934437d,Shant Guedekelian,2025-10-27,22:57:02,-07:00,2025-10-27T22:57:02-07:00,0,0
projects/projects.js,33,js,0934437d,Shant Guedekelian,2025-10-27,22:57:02,-07:00,2025-10-27T22:57:02-07:00,1,24
projects/projects.js,34,js,0934437d,Shant Guedekelian,2025-10-27,22:57:02,-07:00,2025-10-27T22:57:02-07:00,1,25
projects/projects.js,35,js,0934437d,Shant Guedekelian,2025-10-27,22:57:02,-07:00,2025-10-27T22:57:02-07:00,1,29
projects/projects.js,36,js,0934437d,Shant Guedekelian,2025-10-27,22:57:02,-07:00,2025-10-27T22:57:02-07:00,0,0
projects/projects.js,37,js,0934437d,Shant Guedekelian,2025-10-27,22:57:02,-07:00,2025-10-27T22:57:02-07:00,1,32
projects/projects.js,38,js,0934437d,Shant Guedekelian,2025-10-27,22:57:02,-07:00,2025-10-27T22:57:02-07:00,1,30
projects/projects.js,39,js,0934437d,Shant Guedekelian,2025-10-27,22:57:02,-07:00,2025-10-27T22:57:02-07:00,0,0
projects/projects.js,40,js,0934437d,Shant Guedekelian,2025-10-27,22:57:02,-07:00,2025-10-27T22:57:02-07:00,1,22
projects/projects.js,41,js,0934437d,Shant Guedekelian,2025-10-27,22:57:02,-07:00,2025-10-27T22:57:02-07:00,1,27
projects/projects.js,42,js,0934437d,Shant Guedekelian,2025-10-27,22:57:02,-07:00,2025-10-27T22:57:02-07:00,2,4
projects/projects.js,43,js,0934437d,Shant Guedekelian,2025-10-27,22:57:02,-07:00,2025-10-27T22:57:02-07:00,3,11
projects/projects.js,44,js,0934437d,Shant Guedekelian,2025-10-27,22:57:02,-07:00,2025-10-27T22:57:02-07:00,3,38
projects/projects.js,45,js,0934437d,Shant Guedekelian,2025-10-27,22:57:02,-07:00,2025-10-27T22:57:02-07:00,3,26
projects/projects.js,46,js,0934437d,Shant Guedekelian,2025-10-27,22:57:02,-07:00,2025-10-27T22:57:02-07:00,3,69
projects/projects.js,47,js,0934437d,Shant Guedekelian,2025-10-27,22:57:02,-07:00,2025-10-27T22:57:02-07:00,1,1
projects/projects.js,48,js,0934437d,Shant Guedekelian,2025-10-27,22:57:02,-07:00,2025-10-27T22:57:02-07:00,0,0
projects/projects.js,49,js,0934437d,Shant Guedekelian,2025-10-27,22:57:02,-07:00,2025-10-27T22:57:02-07:00,1,21
projects/projects.js,50,js,0934437d,Shant Guedekelian,2025-10-27,22:57:02,-07:00,2025-10-27T22:57:02-07:00,0,21
projects/projects.js,51,js,0934437d,Shant Guedekelian,2025-10-27,22:57:02,-07:00,2025-10-27T22:57:02-07:00,0,0
projects/projects.js,52,js,0934437d,Shant Guedekelian,2025-10-27,22:57:02,-07:00,2025-10-27T22:57:02-07:00,0,0
projects/projects.js,53,js,0934437d,Shant Guedekelian,2025-10-27,22:57:02,-07:00,2025-10-27T22:57:02-07:00,1,16
projects/projects.js,54,js,0934437d,Shant Guedekelian,2025-10-27,22:57:02,-07:00,2025-10-27T22:57:02-07:00,1,24
projects/projects.js,55,js,0934437d,Shant Guedekelian,2025-10-27,22:57:02,-07:00,2025-10-27T22:57:02-07:00,2,1
projects/projects.js,56,js,0934437d,Shant Guedekelian,2025-10-27,22:57:02,-07:00,2025-10-27T22:57:02-07:00,3,13
projects/projects.js,57,js,0934437d,Shant Guedekelian,2025-10-27,22:57:02,-07:00,2025-10-27T22:57:02-07:00,3,13
projects/projects.js,58,js,0934437d,Shant Guedekelian,2025-10-27,22:57:02,-07:00,2025-10-27T22:57:02-07:00,3,22
projects/projects.js,59,js,0934437d,Shant Guedekelian,2025-10-27,22:57:02,-07:00,2025-10-27T22:57:02-07:00,3,18
projects/projects.js,60,js,0934437d,Shant Guedekelian,2025-10-27,22:57:02,-07:00,2025-10-27T22:57:02-07:00,4,17
projects/projects.js,61,js,0934437d,Shant Guedekelian,2025-10-27,22:57:02,-07:00,2025-10-27T22:57:02-07:00,4,43
projects/projects.js,62,js,0934437d,Shant Guedekelian,2025-10-27,22:57:02,-07:00,2025-10-27T22:57:02-07:00,0,0
projects/projects.js,63,js,0934437d,Shant Guedekelian,2025-10-27,22:57:02,-07:00,2025-10-27T22:57:02-07:00,4,14
projects/projects.js,64,js,0934437d,Shant Guedekelian,2025-10-27,22:57:02,-07:00,2025-10-27T22:57:02-07:00,4,1
projects/projects.js,65,js,0934437d,Shant Guedekelian,2025-10-27,22:57:02,-07:00,2025-10-27T22:57:02-07:00,5,16
projects/projects.js,66,js,0934437d,Shant Guedekelian,2025-10-27,22:57:02,-07:00,2025-10-27T22:57:02-07:00,5,70
projects/projects.js,67,js,0934437d,Shant Guedekelian,2025-10-27,22:57:02,-07:00,2025-10-27T22:57:02-07:00,0,0
projects/projects.js,68,js,0934437d,Shant Guedekelian,2025-10-27,22:57:02,-07:00,2025-10-27T22:57:02-07:00,4,14
projects/projects.js,69,js,0934437d,Shant Guedekelian,2025-10-27,22:57:02,-07:00,2025-10-27T22:57:02-07:00,4,4
projects/projects.js,70,js,0934437d,Shant Guedekelian,2025-10-27,22:57:02,-07:00,2025-10-27T22:57:02-07:00,5,14
projects/projects.js,71,js,0934437d,Shant Guedekelian,2025-10-27,22:57:02,-07:00,2025-10-27T22:57:02-07:00,5,24
projects/projects.js,72,js,0934437d,Shant Guedekelian,2025-10-27,22:57:02,-07:00,2025-10-27T22:57:02-07:00,6,58
projects/projects.js,73,js,0934437d,Shant Guedekelian,2025-10-27,22:57:02,-07:00,2025-10-27T22:57:02-07:00,5,0
projects/projects.js,74,js,0934437d,Shant Guedekelian,2025-10-27,22:57:02,-07:00,2025-10-27T22:57:02-07:00,0,0
projects/projects.js,75,js,0934437d,Shant Guedekelian,2025-10-27,22:57:02,-07:00,2025-10-27T22:57:02-07:00,4,25
projects/projects.js,76,js,0934437d,Shant Guedekelian,2025-10-27,22:57:02,-07:00,2025-10-27T22:57:02-07:00,4,48
projects/projects.js,77,js,0934437d,Shant Guedekelian,2025-10-27,22:57:02,-07:00,2025-10-27T22:57:02-07:00,4,6
projects/projects.js,78,js,0934437d,Shant Guedekelian,2025-10-27,22:57:02,-07:00,2025-10-27T22:57:02-07:00,6,48
projects/projects.js,79,js,0934437d,Shant Guedekelian,2025-10-27,22:57:02,-07:00,2025-10-27T22:57:02-07:00,6,39
projects/projects.js,80,js,0934437d,Shant Guedekelian,2025-10-27,22:57:02,-07:00,2025-10-27T22:57:02-07:00,8,28
projects/projects.js,81,js,0934437d,Shant Guedekelian,2025-10-27,22:57:02,-07:00,2025-10-27T22:57:02-07:00,6,0
projects/projects.js,82,js,0934437d,Shant Guedekelian,2025-10-27,22:57:02,-07:00,2025-10-27T22:57:02-07:00,6,56
projects/projects.js,83,js,0934437d,Shant Guedekelian,2025-10-27,22:57:02,-07:00,2025-10-27T22:57:02-07:00,4,0
projects/projects.js,84,js,0934437d,Shant Guedekelian,2025-10-27,22:57:02,-07:00,2025-10-27T22:57:02-07:00,3,1
projects/projects.js,85,js,0934437d,Shant Guedekelian,2025-10-27,22:57:02,-07:00,2025-10-27T22:57:02-07:00,1,1
projects/projects.js,86,js,0934437d,Shant Guedekelian,2025-10-27,22:57:02,-07:00,2025-10-27T22:57:02-07:00,0,0
projects/projects.js,87,js,0934437d,Shant Guedekelian,2025-10-27,22:57:02,-07:00,2025-10-27T22:57:02-07:00,1,26
projects/projects.js,88,js,0934437d,Shant Guedekelian,2025-10-27,22:57:02,-07:00,2025-10-27T22:57:02-07:00,1,46
projects/projects.js,89,js,0934437d,Shant Guedekelian,2025-10-27,22:57:02,-07:00,2025-10-27T22:57:02-07:00,2,47
projects/projects.js,90,js,0934437d,Shant Guedekelian,2025-10-27,22:57:02,-07:00,2025-10-27T22:57:02-07:00,0,0
projects/projects.js,91,js,0934437d,Shant Guedekelian,2025-10-27,22:57:02,-07:00,2025-10-27T22:57:02-07:00,2,1
projects/projects.js,92,js,0934437d,Shant Guedekelian,2025-10-27,22:57:02,-07:00,2025-10-27T22:57:02-07:00,3,16
projects/projects.js,93,js,0934437d,Shant Guedekelian,2025-10-27,22:57:02,-07:00,2025-10-27T22:57:02-07:00,3,66
projects/projects.js,94,js,0934437d,Shant Guedekelian,2025-10-27,22:57:02,-07:00,2025-10-27T22:57:02-07:00,0,0
projects/projects.js,95,js,0934437d,Shant Guedekelian,2025-10-27,22:57:02,-07:00,2025-10-27T22:57:02-07:00,2,4
projects/projects.js,96,js,0934437d,Shant Guedekelian,2025-10-27,22:57:02,-07:00,2025-10-27T22:57:02-07:00,3,14
projects/projects.js,97,js,0934437d,Shant Guedekelian,2025-10-27,22:57:02,-07:00,2025-10-27T22:57:02-07:00,3,22
projects/projects.js,98,js,0934437d,Shant Guedekelian,2025-10-27,22:57:02,-07:00,2025-10-27T22:57:02-07:00,4,56
projects/projects.js,99,js,0934437d,Shant Guedekelian,2025-10-27,22:57:02,-07:00,2025-10-27T22:57:02-07:00,3,0
projects/projects.js,100,js,0934437d,Shant Guedekelian,2025-10-27,22:57:02,-07:00,2025-10-27T22:57:02-07:00,2,0
projects/projects.js,101,js,202112d1,Shant Guedekelian,2025-10-27,21:23:16,-07:00,2025-10-27T21:23:16-07:00,1,1
projects/projects.js,102,js,f5920c4d,Shant Guedekelian,2025-10-27,11:25:56,-07:00,2025-10-27T11:25:56-07:00,0,0
projects/projects.js,103,js,202112d1,Shant Guedekelian,2025-10-27,21:23:16,-07:00,2025-10-27T21:23:16-07:00,0,0
projects/projects.js,104,js,f5920c4d,Shant Guedekelian,2025-10-27,11:25:56,-07:00,2025-10-27T11:25:56-07:00,0,0
projects/projects.js,105,js,0934437d,Shant Guedekelian,2025-10-27,22:57:02,-07:00,2025-10-27T22:57:02-07:00,0,15
projects/projects.js,106,js,202112d1,Shant Guedekelian,2025-10-27,21:23:16,-07:00,2025-10-27T21:23:16-07:00,0,23
projects/projects.js,107,js,f5920c4d,Shant Guedekelian,2025-10-27,11:25:56,-07:00,2025-10-27T11:25:56-07:00,0,0
projects/projects.js,108,js,0934437d,Shant Guedekelian,2025-10-27,22:57:02,-07:00,2025-10-27T22:57:02-07:00,0,29
projects/projects.js,109,js,202112d1,Shant Guedekelian,2025-10-27,21:23:16,-07:00,2025-10-27T21:23:16-07:00,0,48
projects/projects.js,110,js,0934437d,Shant Guedekelian,2025-10-27,22:57:02,-07:00,2025-10-27T22:57:02-07:00,1,39
projects/projects.js,111,js,0934437d,Shant Guedekelian,2025-10-27,22:57:02,-07:00,2025-10-27T22:57:02-07:00,0,0
projects/projects.js,112,js,202112d1,Shant Guedekelian,2025-10-27,21:23:16,-07:00,2025-10-27T21:23:16-07:00,1,51
projects/projects.js,113,js,202112d1,Shant Guedekelian,2025-10-27,21:23:16,-07:00,2025-10-27T21:23:16-07:00,2,59
projects/projects.js,114,js,0934437d,Shant Guedekelian,2025-10-27,22:57:02,-07:00,2025-10-27T22:57:02-07:00,2,28
projects/projects.js,115,js,0934437d,Shant Guedekelian,2025-10-27,22:57:02,-07:00,2025-10-27T22:57:02-07:00,1,1
projects/projects.js,116,js,0934437d,Shant Guedekelian,2025-10-27,22:57:02,-07:00,2025-10-27T22:57:02-07:00,0,0
projects/projects.js,117,js,202112d1,Shant Guedekelian,2025-10-27,21:23:16,-07:00,2025-10-27T21:23:16-07:00,1,56
projects/projects.js,118,js,202112d1,Shant Guedekelian,2025-10-27,21:23:16,-07:00,2025-10-27T21:23:16-07:00,1,31
projects/projects.js,119,js,0934437d,Shant Guedekelian,2025-10-27,22:57:02,-07:00,2025-10-27T22:57:02-07:00,0,1
projects/index.html,1,html,9ca61258,Shant Guedekelian,2025-09-28,18:20:37,-07:00,2025-09-28T18:20:37-07:00,0,13
projects/index.html,2,html,9ca61258,Shant Guedekelian,2025-09-28,18:20:37,-07:00,2025-09-28T18:20:37-07:00,0,14
projects/index.html,3,html,9ca61258,Shant Guedekelian,2025-09-28,18:20:37,-07:00,2025-09-28T18:20:37-07:00,0,4
projects/index.html,4,html,9ca61258,Shant Guedekelian,2025-09-28,18:20:37,-07:00,2025-09-28T18:20:37-07:00,2,20
projects/index.html,5,html,9ca61258,Shant Guedekelian,2025-09-28,18:20:37,-07:00,2025-09-28T18:20:37-07:00,2,68
projects/index.html,6,html,9ca61258,Shant Guedekelian,2025-09-28,18:20:37,-07:00,2025-09-28T18:20:37-07:00,2,21
projects/index.html,7,html,fb216bc6,Shant Guedekelian,2025-09-28,18:21:39,-07:00,2025-09-28T18:21:39-07:00,2,41
projects/index.html,8,html,963a9a0b,Shant Guedekelian,2025-10-17,19:42:22,-07:00,2025-10-17T19:42:22-07:00,2,48
projects/index.html,9,html,4f4d55db,Shant Guedekelian,2025-10-23,22:14:54,-07:00,2025-10-23T22:14:54-07:00,2,47
projects/index.html,10,html,9ca61258,Shant Guedekelian,2025-09-28,18:20:37,-07:00,2025-09-28T18:20:37-07:00,0,5
projects/index.html,11,html,9ca61258,Shant Guedekelian,2025-09-28,18:20:37,-07:00,2025-09-28T18:20:37-07:00,0,4
projects/index.html,12,html,4f4d55db,Shant Guedekelian,2025-10-23,22:14:54,-07:00,2025-10-23T22:14:54-07:00,2,25
projects/index.html,13,html,9ca61258,Shant Guedekelian,2025-09-28,18:20:37,-07:00,2025-09-28T18:20:37-07:00,4,11
projects/index.html,14,html,9ca61258,Shant Guedekelian,2025-09-28,18:20:37,-07:00,2025-09-28T18:20:37-07:00,2,3
projects/index.html,15,html,9ca61258,Shant Guedekelian,2025-09-28,18:20:37,-07:00,2025-09-28T18:20:37-07:00,2,1
projects/index.html,16,html,9ca61258,Shant Guedekelian,2025-09-28,18:20:37,-07:00,2025-09-28T18:20:37-07:00,4,22
projects/index.html,17,html,9ca61258,Shant Guedekelian,2025-09-28,18:20:37,-07:00,2025-09-28T18:20:37-07:00,2,2
projects/index.html,18,html,560fc8f9,Shant Guedekelian,2025-10-09,21:42:28,-07:00,2025-10-09T21:42:28-07:00,2,2
projects/index.html,19,html,560fc8f9,Shant Guedekelian,2025-10-09,21:42:28,-07:00,2025-10-09T21:42:28-07:00,0,0
projects/index.html,20,html,560fc8f9,Shant Guedekelian,2025-10-09,21:42:28,-07:00,2025-10-09T21:42:28-07:00,2,3
projects/index.html,21,html,202112d1,Shant Guedekelian,2025-10-27,21:23:16,-07:00,2025-10-27T21:23:16-07:00,2,21
projects/index.html,22,html,202112d1,Shant Guedekelian,2025-10-27,21:23:16,-07:00,2025-10-27T21:23:16-07:00,4,58
projects/index.html,23,html,202112d1,Shant Guedekelian,2025-10-27,21:23:16,-07:00,2025-10-27T21:23:16-07:00,4,22
projects/index.html,24,html,202112d1,Shant Guedekelian,2025-10-27,21:23:16,-07:00,2025-10-27T21:23:16-07:00,2,4
projects/index.html,25,html,f5920c4d,Shant Guedekelian,2025-10-27,11:25:56,-07:00,2025-10-27T11:25:56-07:00,0,0
projects/index.html,26,html,202112d1,Shant Guedekelian,2025-10-27,21:23:16,-07:00,2025-10-27T21:23:16-07:00,2,4
projects/index.html,27,html,202112d1,Shant Guedekelian,2025-10-27,21:23:16,-07:00,2025-10-27T21:23:16-07:00,4,15
projects/index.html,28,html,202112d1,Shant Guedekelian,2025-10-27,21:23:16,-07:00,2025-10-27T21:23:16-07:00,4,11
projects/index.html,29,html,202112d1,Shant Guedekelian,2025-10-27,21:23:16,-07:00,2025-10-27T21:23:16-07:00,4,26
projects/index.html,30,html,202112d1,Shant Guedekelian,2025-10-27,21:23:16,-07:00,2025-10-27T21:23:16-07:00,4,31
projects/index.html,31,html,202112d1,Shant Guedekelian,2025-10-27,21:23:16,-07:00,2025-10-27T21:23:16-07:00,4,0
projects/index.html,32,html,202112d1,Shant Guedekelian,2025-10-27,21:23:16,-07:00,2025-10-27T21:23:16-07:00,2,0
projects/index.html,33,html,560fc8f9,Shant Guedekelian,2025-10-09,21:42:28,-07:00,2025-10-09T21:42:28-07:00,2,20
projects/index.html,34,html,4f4d55db,Shant Guedekelian,2025-10-23,22:14:54,-07:00,2025-10-23T22:14:54-07:00,4,30
projects/index.html,35,html,560fc8f9,Shant Guedekelian,2025-10-09,21:42:28,-07:00,2025-10-09T21:42:28-07:00,6,29
projects/index.html,36,html,560fc8f9,Shant Guedekelian,2025-10-09,21:42:28,-07:00,2025-10-09T21:42:28-07:00,6,70
projects/index.html,37,html,560fc8f9,Shant Guedekelian,2025-10-09,21:42:28,-07:00,2025-10-09T21:42:28-07:00,6,226
projects/index.html,38,html,560fc8f9,Shant Guedekelian,2025-10-09,21:42:28,-07:00,2025-10-09T21:42:28-07:00,4,8
projects/index.html,39,html,560fc8f9,Shant Guedekelian,2025-10-09,21:42:28,-07:00,2025-10-09T21:42:28-07:00,4,25
projects/index.html,40,html,560fc8f9,Shant Guedekelian,2025-10-09,21:42:28,-07:00,2025-10-09T21:42:28-07:00,6,30
projects/index.html,41,html,560fc8f9,Shant Guedekelian,2025-10-09,21:42:28,-07:00,2025-10-09T21:42:28-07:00,6,70
projects/index.html,42,html,560fc8f9,Shant Guedekelian,2025-10-09,21:42:28,-07:00,2025-10-09T21:42:28-07:00,6,228
projects/index.html,43,html,560fc8f9,Shant Guedekelian,2025-10-09,21:42:28,-07:00,2025-10-09T21:42:28-07:00,4,8
projects/index.html,44,html,560fc8f9,Shant Guedekelian,2025-10-09,21:42:28,-07:00,2025-10-09T21:42:28-07:00,4,25
projects/index.html,45,html,560fc8f9,Shant Guedekelian,2025-10-09,21:42:28,-07:00,2025-10-09T21:42:28-07:00,6,31
projects/index.html,46,html,560fc8f9,Shant Guedekelian,2025-10-09,21:42:28,-07:00,2025-10-09T21:42:28-07:00,6,70
projects/index.html,47,html,560fc8f9,Shant Guedekelian,2025-10-09,21:42:28,-07:00,2025-10-09T21:42:28-07:00,6,242
projects/index.html,48,html,560fc8f9,Shant Guedekelian,2025-10-09,21:42:28,-07:00,2025-10-09T21:42:28-07:00,4,8
projects/index.html,49,html,560fc8f9,Shant Guedekelian,2025-10-09,21:42:28,-07:00,2025-10-09T21:42:28-07:00,4,25
projects/index.html,50,html,560fc8f9,Shant Guedekelian,2025-10-09,21:42:28,-07:00,2025-10-09T21:42:28-07:00,6,38
projects/index.html,51,html,560fc8f9,Shant Guedekelian,2025-10-09,21:42:28,-07:00,2025-10-09T21:42:28-07:00,6,70
projects/index.html,52,html,560fc8f9,Shant Guedekelian,2025-10-09,21:42:28,-07:00,2025-10-09T21:42:28-07:00,6,247
projects/index.html,53,html,560fc8f9,Shant Guedekelian,2025-10-09,21:42:28,-07:00,2025-10-09T21:42:28-07:00,4,8
projects/index.html,54,html,560fc8f9,Shant Guedekelian,2025-10-09,21:42:28,-07:00,2025-10-09T21:42:28-07:00,4,25
projects/index.html,55,html,560fc8f9,Shant Guedekelian,2025-10-09,21:42:28,-07:00,2025-10-09T21:42:28-07:00,6,38
projects/index.html,56,html,560fc8f9,Shant Guedekelian,2025-10-09,21:42:28,-07:00,2025-10-09T21:42:28-07:00,6,70
projects/index.html,57,html,560fc8f9,Shant Guedekelian,2025-10-09,21:42:28,-07:00,2025-10-09T21:42:28-07:00,6,225
projects/index.html,58,html,560fc8f9,Shant Guedekelian,2025-10-09,21:42:28,-07:00,2025-10-09T21:42:28-07:00,4,8
projects/index.html,59,html,560fc8f9,Shant Guedekelian,2025-10-09,21:42:28,-07:00,2025-10-09T21:42:28-07:00,4,25
projects/index.html,60,html,560fc8f9,Shant Guedekelian,2025-10-09,21:42:28,-07:00,2025-10-09T21:42:28-07:00,6,37
projects/index.html,61,html,560fc8f9,Shant Guedekelian,2025-10-09,21:42:28,-07:00,2025-10-09T21:42:28-07:00,6,70
projects/index.html,62,html,560fc8f9,Shant Guedekelian,2025-10-09,21:42:28,-07:00,2025-10-09T21:42:28-07:00,6,244
projects/index.html,63,html,560fc8f9,Shant Guedekelian,2025-10-09,21:42:28,-07:00,2025-10-09T21:42:28-07:00,4,8
projects/index.html,64,html,560fc8f9,Shant Guedekelian,2025-10-09,21:42:28,-07:00,2025-10-09T21:42:28-07:00,4,25
projects/index.html,65,html,560fc8f9,Shant Guedekelian,2025-10-09,21:42:28,-07:00,2025-10-09T21:42:28-07:00,6,33
projects/index.html,66,html,560fc8f9,Shant Guedekelian,2025-10-09,21:42:28,-07:00,2025-10-09T21:42:28-07:00,6,70
projects/index.html,67,html,560fc8f9,Shant Guedekelian,2025-10-09,21:42:28,-07:00,2025-10-09T21:42:28-07:00,6,242
projects/index.html,68,html,560fc8f9,Shant Guedekelian,2025-10-09,21:42:28,-07:00,2025-10-09T21:42:28-07:00,4,8
projects/index.html,69,html,560fc8f9,Shant Guedekelian,2025-10-09,21:42:28,-07:00,2025-10-09T21:42:28-07:00,4,25
projects/index.html,70,html,560fc8f9,Shant Guedekelian,2025-10-09,21:42:28,-07:00,2025-10-09T21:42:28-07:00,6,38
projects/index.html,71,html,560fc8f9,Shant Guedekelian,2025-10-09,21:42:28,-07:00,2025-10-09T21:42:28-07:00,6,70
projects/index.html,72,html,560fc8f9,Shant Guedekelian,2025-10-09,21:42:28,-07:00,2025-10-09T21:42:28-07:00,6,227
projects/index.html,73,html,560fc8f9,Shant Guedekelian,2025-10-09,21:42:28,-07:00,2025-10-09T21:42:28-07:00,4,8
projects/index.html,74,html,560fc8f9,Shant Guedekelian,2025-10-09,21:42:28,-07:00,2025-10-09T21:42:28-07:00,4,25
projects/index.html,75,html,560fc8f9,Shant Guedekelian,2025-10-09,21:42:28,-07:00,2025-10-09T21:42:28-07:00,6,41
projects/index.html,76,html,560fc8f9,Shant Guedekelian,2025-10-09,21:42:28,-07:00,2025-10-09T21:42:28-07:00,6,70
projects/index.html,77,html,560fc8f9,Shant Guedekelian,2025-10-09,21:42:28,-07:00,2025-10-09T21:42:28-07:00,6,220
projects/index.html,78,html,560fc8f9,Shant Guedekelian,2025-10-09,21:42:28,-07:00,2025-10-09T21:42:28-07:00,4,8
projects/index.html,79,html,560fc8f9,Shant Guedekelian,2025-10-09,21:42:28,-07:00,2025-10-09T21:42:28-07:00,4,25
projects/index.html,80,html,560fc8f9,Shant Guedekelian,2025-10-09,21:42:28,-07:00,2025-10-09T21:42:28-07:00,6,29
projects/index.html,81,html,560fc8f9,Shant Guedekelian,2025-10-09,21:42:28,-07:00,2025-10-09T21:42:28-07:00,6,70
projects/index.html,82,html,560fc8f9,Shant Guedekelian,2025-10-09,21:42:28,-07:00,2025-10-09T21:42:28-07:00,6,229
projects/index.html,83,html,560fc8f9,Shant Guedekelian,2025-10-09,21:42:28,-07:00,2025-10-09T21:42:28-07:00,4,8
projects/index.html,84,html,560fc8f9,Shant Guedekelian,2025-10-09,21:42:28,-07:00,2025-10-09T21:42:28-07:00,4,25
projects/index.html,85,html,560fc8f9,Shant Guedekelian,2025-10-09,21:42:28,-07:00,2025-10-09T21:42:28-07:00,6,48
projects/index.html,86,html,560fc8f9,Shant Guedekelian,2025-10-09,21:42:28,-07:00,2025-10-09T21:42:28-07:00,6,70
projects/index.html,87,html,560fc8f9,Shant Guedekelian,2025-10-09,21:42:28,-07:00,2025-10-09T21:42:28-07:00,6,265
projects/index.html,88,html,560fc8f9,Shant Guedekelian,2025-10-09,21:42:28,-07:00,2025-10-09T21:42:28-07:00,4,8
projects/index.html,89,html,560fc8f9,Shant Guedekelian,2025-10-09,21:42:28,-07:00,2025-10-09T21:42:28-07:00,4,25
projects/index.html,90,html,560fc8f9,Shant Guedekelian,2025-10-09,21:42:28,-07:00,2025-10-09T21:42:28-07:00,6,41
projects/index.html,91,html,560fc8f9,Shant Guedekelian,2025-10-09,21:42:28,-07:00,2025-10-09T21:42:28-07:00,6,70
projects/index.html,92,html,560fc8f9,Shant Guedekelian,2025-10-09,21:42:28,-07:00,2025-10-09T21:42:28-07:00,6,223
projects/index.html,93,html,4f4d55db,Shant Guedekelian,2025-10-23,22:14:54,-07:00,2025-10-23T22:14:54-07:00,4,12
projects/index.html,94,html,560fc8f9,Shant Guedekelian,2025-10-09,21:42:28,-07:00,2025-10-09T21:42:28-07:00,2,4
projects/index.html,95,html,9ca61258,Shant Guedekelian,2025-09-28,18:20:37,-07:00,2025-09-28T18:20:37-07:00,0,5
projects/index.html,96,html,9ca61258,Shant Guedekelian,2025-09-28,18:20:37,-07:00,2025-09-28T18:20:37-07:00,0,5
contact/index.html,1,html,9ca61258,Shant Guedekelian,2025-09-28,18:20:37,-07:00,2025-09-28T18:20:37-07:00,0,13
contact/index.html,2,html,9ca61258,Shant Guedekelian,2025-09-28,18:20:37,-07:00,2025-09-28T18:20:37-07:00,0,14
contact/index.html,3,html,9ca61258,Shant Guedekelian,2025-09-28,18:20:37,-07:00,2025-09-28T18:20:37-07:00,0,4
contact/index.html,4,html,9ca61258,Shant Guedekelian,2025-09-28,18:20:37,-07:00,2025-09-28T18:20:37-07:00,2,20
contact/index.html,5,html,9ca61258,Shant Guedekelian,2025-09-28,18:20:37,-07:00,2025-09-28T18:20:37-07:00,2,68
contact/index.html,6,html,9ca61258,Shant Guedekelian,2025-09-28,18:20:37,-07:00,2025-09-28T18:20:37-07:00,2,25
contact/index.html,7,html,fb216bc6,Shant Guedekelian,2025-09-28,18:21:39,-07:00,2025-09-28T18:21:39-07:00,2,41
contact/index.html,8,html,963a9a0b,Shant Guedekelian,2025-10-17,19:42:22,-07:00,2025-10-17T19:42:22-07:00,2,48
contact/index.html,9,html,963a9a0b,Shant Guedekelian,2025-10-17,19:42:22,-07:00,2025-10-17T19:42:22-07:00,0,0
contact/index.html,10,html,9ca61258,Shant Guedekelian,2025-09-28,18:20:37,-07:00,2025-09-28T18:20:37-07:00,0,5
contact/index.html,11,html,5dfee4be,Shant Guedekelian,2025-10-10,19:19:48,-07:00,2025-10-10T19:19:48-07:00,0,18
contact/index.html,12,html,9ca61258,Shant Guedekelian,2025-09-28,18:20:37,-07:00,2025-09-28T18:20:37-07:00,2,2
contact/index.html,13,html,9ca61258,Shant Guedekelian,2025-09-28,18:20:37,-07:00,2025-09-28T18:20:37-07:00,4,11
contact/index.html,14,html,9ca61258,Shant Guedekelian,2025-09-28,18:20:37,-07:00,2025-09-28T18:20:37-07:00,2,3
contact/index.html,15,html,9ca61258,Shant Guedekelian,2025-09-28,18:20:37,-07:00,2025-09-28T18:20:37-07:00,2,1
contact/index.html,16,html,9ca61258,Shant Guedekelian,2025-09-28,18:20:37,-07:00,2025-09-28T18:20:37-07:00,4,31
contact/index.html,17,html,9ca61258,Shant Guedekelian,2025-09-28,18:20:37,-07:00,2025-09-28T18:20:37-07:00,2,2
contact/index.html,18,html,16b10fca,Shant Guedekelian,2025-09-28,19:04:53,-07:00,2025-09-28T19:04:53-07:00,0,0
contact/index.html,19,html,560fc8f9,Shant Guedekelian,2025-10-09,21:42:28,-07:00,2025-10-09T21:42:28-07:00,2,2
contact/index.html,20,html,560fc8f9,Shant Guedekelian,2025-10-09,21:42:28,-07:00,2025-10-09T21:42:28-07:00,0,0
contact/index.html,21,html,16b10fca,Shant Guedekelian,2025-09-28,19:04:53,-07:00,2025-09-28T19:04:53-07:00,2,77
contact/index.html,22,html,16b10fca,Shant Guedekelian,2025-09-28,19:04:53,-07:00,2025-09-28T19:04:53-07:00,4,5
contact/index.html,23,html,16b10fca,Shant Guedekelian,2025-09-28,19:04:53,-07:00,2025-09-28T19:04:53-07:00,6,3
contact/index.html,24,html,16b10fca,Shant Guedekelian,2025-09-28,19:04:53,-07:00,2025-09-28T19:04:53-07:00,6,31
contact/index.html,25,html,16b10fca,Shant Guedekelian,2025-09-28,19:04:53,-07:00,2025-09-28T19:04:53-07:00,4,6
contact/index.html,26,html,560fc8f9,Shant Guedekelian,2025-10-09,21:42:28,-07:00,2025-10-09T21:42:28-07:00,4,2
contact/index.html,27,html,16b10fca,Shant Guedekelian,2025-09-28,19:04:53,-07:00,2025-09-28T19:04:53-07:00,4,5
contact/index.html,28,html,16b10fca,Shant Guedekelian,2025-09-28,19:04:53,-07:00,2025-09-28T19:04:53-07:00,6,5
contact/index.html,29,html,16b10fca,Shant Guedekelian,2025-09-28,19:04:53,-07:00,2025-09-28T19:04:53-07:00,6,20
contact/index.html,30,html,16b10fca,Shant Guedekelian,2025-09-28,19:04:53,-07:00,2025-09-28T19:04:53-07:00,4,6
contact/index.html,31,html,560fc8f9,Shant Guedekelian,2025-10-09,21:42:28,-07:00,2025-10-09T21:42:28-07:00,4,2
contact/index.html,32,html,16b10fca,Shant Guedekelian,2025-09-28,19:04:53,-07:00,2025-09-28T19:04:53-07:00,4,5
contact/index.html,33,html,16b10fca,Shant Guedekelian,2025-09-28,19:04:53,-07:00,2025-09-28T19:04:53-07:00,6,2
contact/index.html,34,html,16b10fca,Shant Guedekelian,2025-09-28,19:04:53,-07:00,2025-09-28T19:04:53-07:00,6,20
contact/index.html,35,html,16b10fca,Shant Guedekelian,2025-09-28,19:04:53,-07:00,2025-09-28T19:04:53-07:00,6,9
contact/index.html,36,html,16b10fca,Shant Guedekelian,2025-09-28,19:04:53,-07:00,2025-09-28T19:04:53-07:00,4,6
contact/index.html,37,html,560fc8f9,Shant Guedekelian,2025-10-09,21:42:28,-07:00,2025-10-09T21:42:28-07:00,4,2
contact/index.html,38,html,16b10fca,Shant Guedekelian,2025-09-28,19:04:53,-07:00,2025-09-28T19:04:53-07:00,4,6
contact/index.html,39,html,16b10fca,Shant Guedekelian,2025-09-28,19:04:53,-07:00,2025-09-28T19:04:53-07:00,6,4
contact/index.html,40,html,16b10fca,Shant Guedekelian,2025-09-28,19:04:53,-07:00,2025-09-28T19:04:53-07:00,4,7
contact/index.html,41,html,16b10fca,Shant Guedekelian,2025-09-28,19:04:53,-07:00,2025-09-28T19:04:53-07:00,4,0
contact/index.html,42,html,16b10fca,Shant Guedekelian,2025-09-28,19:04:53,-07:00,2025-09-28T19:04:53-07:00,2,5
contact/index.html,43,html,9ca61258,Shant Guedekelian,2025-09-28,18:20:37,-07:00,2025-09-28T18:20:37-07:00,0,5
contact/index.html,44,html,9ca61258,Shant Guedekelian,2025-09-28,18:20:37,-07:00,2025-09-28T18:20:37-07:00,0,5
